band,seite,tabelle,datei
1,1,0,band1_p001_unbekannt_Tabelle_t0.csv
1,9,0,band1_p009_PG12_Ergebnisplan_t0.csv
1,10,0,band1_p010_PG12_Ergebnisplan_t0.csv
1,11,0,band1_p011_PG12_Finanzplan_t0.csv
1,12,0,band1_p012_PG12_Finanzplan_t0.csv
1,16,0,band1_p016_PB01_InnereVerwaltung_Teilergebnisplan_t0.csv
1,17,0,band1_p017_PB01_InnereVerwaltung_Teilfinanzplan_t0.csv
1,19,0,band1_p019_PG0101_Beschreibung_t0.csv
1,20,0,band1_p020_PG0101_Tabelle_t0.csv
1,20,1,band1_p020_PG0101_Tabelle_t1.csv
1,20,2,band1_p020_PG0101_Tabelle_t2.csv
1,21,0,band1_p021_PG0101_Tabelle_t0.csv
1,21,1,band1_p021_PG0101_Tabelle_t1.csv
1,21,2,band1_p021_PG0101_Tabelle_t2.csv
1,22,0,band1_p022_PG0101_Teilergebnisplan_t0.csv
1,25,0,band1_p025_PG0102_GeschaftsfuhrungfurpolitischeGremien_internationaleBeziehung_Beschreibung_t0.csv
1,26,0,band1_p026_PG0102_GeschaftsfuhrungfurpolitischeGremien_internationaleBeziehung_Teilergebnisplan_t0.csv
1,28,0,band1_p028_PG0102_GeschaftsfuhrungfurpolitischeGremien_internationaleBeziehung_Teilfinanzplan_t0.csv
1,31,0,band1_p031_PG0103_OB_BM_undVerwaltungsfuhrung_Beschreibung_t0.csv
1,32,0,band1_p032_PG0103_OB_BM_undVerwaltungsfuhrung_Teilergebnisplan_t0.csv
1,34,0,band1_p034_PG0103_OB_BM_undVerwaltungsfuhrung_Teilfinanzplan_t0.csv
1,37,0,band1_p037_PG0104_GleichstellungallerGeschlechter_Beschreibung_t0.csv
1,38,0,band1_p038_PG0104_GleichstellungallerGeschlechter_Kennzahlen_t0.csv
1,39,0,band1_p039_PG0104_GleichstellungallerGeschlechter_Tabelle_t0.csv
1,39,1,band1_p039_PG0104_GleichstellungallerGeschlechter_Tabelle_t1.csv
1,40,0,band1_p040_PG0104_GleichstellungallerGeschlechter_Teilergebnisplan_t0.csv
1,43,0,band1_p043_PG0105_Personal_undSchwerbehindertenvertretung_Beschreibung_t0.csv
1,44,0,band1_p044_PG0105_Personal_undSchwerbehindertenvertretung_Kennzahlen_t0.csv
1,45,0,band1_p045_PG0105_Personal_undSchwerbehindertenvertretung_Teilergebnisplan_t0.csv
1,47,0,band1_p047_PG0106_WirtschaftlichkeitsprufungundRevision_Beschreibung_t0.csv
1,48,0,band1_p048_PG0106_WirtschaftlichkeitsprufungundRevision_Kennzahlen_t0.csv
1,49,0,band1_p049_PG0106_WirtschaftlichkeitsprufungundRevision_Teilergebnisplan_t0.csv
1,51,0,band1_p051_PG0107_PublicRelations_Beschreibung_t0.csv
1,52,0,band1_p052_PG0107_PublicRelations_Kennzahlen_t0.csv
1,53,0,band1_p053_PG0107_PublicRelations_Teilergebnisplan_t0.csv
1,54,0,band1_p054_PG0107_PublicRelations_Teilfinanzplan_t0.csv
1,57,0,band1_p057_PG0108_Personal_undOrganisationsmanagement_Beschreibung_t0.csv
1,58,0,band1_p058_PG0108_Personal_undOrganisationsmanagement_Kennzahlen_t0.csv
1,59,0,band1_p059_PG0108_Personal_undOrganisationsmanagement_Teilergebnisplan_t0.csv
1,63,0,band1_p063_PG0109_Finanz_undBeteiligungsmanagement_Beschreibung_t0.csv
1,64,0,band1_p064_PG0109_Finanz_undBeteiligungsmanagement_Teilergebnisplan_t0.csv
1,66,0,band1_p066_PG0109_Finanz_undBeteiligungsmanagement_Teilfinanzplan_t0.csv
1,69,0,band1_p069_PG0110_Recht_Beschreibung_t0.csv
1,70,0,band1_p070_PG0110_Recht_Kennzahlen_t0.csv
1,71,0,band1_p071_PG0110_Recht_Teilergebnisplan_t0.csv
1,75,0,band1_p075_PG0111_Immobilienmanagement_Beschreibung_t0.csv
1,76,0,band1_p076_PG0111_Immobilienmanagement_Kennzahlen_t0.csv
1,77,0,band1_p077_PG0111_Immobilienmanagement_Teilergebnisplan_t0.csv
1,79,0,band1_p079_PG0111_Immobilienmanagement_Teilfinanzplan_t0.csv
1,81,0,band1_p081_PG0113_ZentraleDienste_Beschreibung_t0.csv
1,82,0,band1_p082_PG0113_ZentraleDienste_Teilergebnisplan_t0.csv
1,84,0,band1_p084_PG0113_ZentraleDienste_Teilfinanzplan_t0.csv
1,87,0,band1_p087_PG0114_VerwaltungderKommunalenStiftungen_Beschreibung_t0.csv
1,88,0,band1_p088_PG0114_VerwaltungderKommunalenStiftungen_Kennzahlen_t0.csv
1,89,0,band1_p089_PG0114_VerwaltungderKommunalenStiftungen_Teilergebnisplan_t0.csv
1,91,0,band1_p091_PG0115_IT_Management_citeq_Beschreibung_t0.csv
1,92,0,band1_p092_PG0115_IT_Management_citeq_Teilergebnisplan_t0.csv
1,93,0,band1_p093_PG0115_IT_Management_citeq_Teilfinanzplan_t0.csv
1,95,0,band1_p095_PG0116_Migrations_undIntegrationsmanagement_Beschreibung_t0.csv
1,96,0,band1_p096_PG0116_Migrations_undIntegrationsmanagement_Kennzahlen_t0.csv
1,97,0,band1_p097_PG0116_Migrations_undIntegrationsmanagement_Tabelle_t0.csv
1,97,1,band1_p097_PG0116_Migrations_undIntegrationsmanagement_Tabelle_t1.csv
1,98,0,band1_p098_PG0116_Migrations_undIntegrationsmanagement_Tabelle_t0.csv
1,99,0,band1_p099_PG0116_Migrations_undIntegrationsmanagement_Teilergebnisplan_t0.csv
1,102,0,band1_p102_PB02_SicherheitundOrdnung_Teilergebnisplan_t0.csv
1,103,0,band1_p103_PB02_SicherheitundOrdnung_Teilfinanzplan_t0.csv
1,105,0,band1_p105_PG0201_OrdnungsrechtlicheAngelegenheiten_Beschreibung_t0.csv
1,106,0,band1_p106_PG0201_OrdnungsrechtlicheAngelegenheiten_Tabelle_t0.csv
1,106,1,band1_p106_PG0201_OrdnungsrechtlicheAngelegenheiten_Tabelle_t1.csv
1,107,0,band1_p107_PG0201_OrdnungsrechtlicheAngelegenheiten_Teilergebnisplan_t0.csv
1,109,0,band1_p109_PG0201_OrdnungsrechtlicheAngelegenheiten_Teilfinanzplan_t0.csv
1,111,0,band1_p111_PG0202_GewerberechtlicheAngelegenheiten_Beschreibung_t0.csv
1,112,0,band1_p112_PG0202_GewerberechtlicheAngelegenheiten_Tabelle_t0.csv
1,112,1,band1_p112_PG0202_GewerberechtlicheAngelegenheiten_Tabelle_t1.csv
1,113,0,band1_p113_PG0202_GewerberechtlicheAngelegenheiten_Teilergebnisplan_t0.csv
1,115,0,band1_p115_PG0202_GewerberechtlicheAngelegenheiten_Teilfinanzplan_t0.csv
1,117,0,band1_p117_PG0203_StrassenverkehrsrechtlicheAngelegenheiten_Beschreibung_t0.csv
1,118,0,band1_p118_PG0203_StrassenverkehrsrechtlicheAngelegenheiten_Tabelle_t0.csv
1,118,1,band1_p118_PG0203_StrassenverkehrsrechtlicheAngelegenheiten_Tabelle_t1.csv
1,118,2,band1_p118_PG0203_StrassenverkehrsrechtlicheAngelegenheiten_Tabelle_t2.csv
1,119,0,band1_p119_PG0203_StrassenverkehrsrechtlicheAngelegenheiten_Tabelle_t0.csv
1,120,0,band1_p120_PG0203_StrassenverkehrsrechtlicheAngelegenheiten_Teilergebnisplan_t0.csv
1,122,0,band1_p122_PG0203_StrassenverkehrsrechtlicheAngelegenheiten_Teilfinanzplan_t0.csv
1,125,0,band1_p125_PG0204_Burgerangelegenheiten_Beschreibung_t0.csv
1,126,0,band1_p126_PG0204_Burgerangelegenheiten_Kennzahlen_t0.csv
1,127,0,band1_p127_PG0204_Burgerangelegenheiten_Tabelle_t0.csv
1,127,1,band1_p127_PG0204_Burgerangelegenheiten_Tabelle_t1.csv
1,127,2,band1_p127_PG0204_Burgerangelegenheiten_Tabelle_t2.csv
1,128,0,band1_p128_PG0204_Burgerangelegenheiten_Tabelle_t0.csv
1,128,1,band1_p128_PG0204_Burgerangelegenheiten_Tabelle_t1.csv
1,128,2,band1_p128_PG0204_Burgerangelegenheiten_Tabelle_t2.csv
1,129,0,band1_p129_PG0204_Burgerangelegenheiten_Teilergebnisplan_t0.csv
1,131,0,band1_p131_PG0204_Burgerangelegenheiten_Teilfinanzplan_t0.csv
1,133,0,band1_p133_PG0205_Standesamtsangelegenheiten_Beschreibung_t0.csv
1,134,0,band1_p134_PG0205_Standesamtsangelegenheiten_Kennzahlen_t0.csv
1,135,0,band1_p135_PG0205_Standesamtsangelegenheiten_Teilergebnisplan_t0.csv
1,137,0,band1_p137_PG0205_Standesamtsangelegenheiten_Teilfinanzplan_t0.csv
1,139,0,band1_p139_PG0206_Auslanderangelegenheiten_Beschreibung_t0.csv
1,140,0,band1_p140_PG0206_Auslanderangelegenheiten_Kennzahlen_t0.csv
1,141,0,band1_p141_PG0206_Auslanderangelegenheiten_Kennzahlen_t0.csv
1,142,0,band1_p142_PG0206_Auslanderangelegenheiten_Tabelle_t0.csv
1,142,1,band1_p142_PG0206_Auslanderangelegenheiten_Tabelle_t1.csv
1,143,0,band1_p143_PG0206_Auslanderangelegenheiten_Teilergebnisplan_t0.csv
1,147,0,band1_p147_PG0207_Statistik_Beschreibung_t0.csv
1,148,0,band1_p148_PG0207_Statistik_Kennzahlen_t0.csv
1,149,0,band1_p149_PG0207_Statistik_Tabelle_t0.csv
1,149,1,band1_p149_PG0207_Statistik_Tabelle_t1.csv
1,150,0,band1_p150_PG0207_Statistik_Teilergebnisplan_t0.csv
1,153,0,band1_p153_PG0208_Wahlen_Beschreibung_t0.csv
1,154,0,band1_p154_PG0208_Wahlen_Teilergebnisplan_t0.csv
1,156,0,band1_p156_PG0208_Wahlen_Teilfinanzplan_t0.csv
1,159,0,band1_p159_PG0209_BrandschutzundfeuerwehrtechnischeHilfeleistung_Beschreibung_t0.csv
1,160,0,band1_p160_PG0209_BrandschutzundfeuerwehrtechnischeHilfeleistung_Kennzahlen_t0.csv
1,161,0,band1_p161_PG0209_BrandschutzundfeuerwehrtechnischeHilfeleistung_Tabelle_t0.csv
1,161,1,band1_p161_PG0209_BrandschutzundfeuerwehrtechnischeHilfeleistung_Tabelle_t1.csv
1,161,2,band1_p161_PG0209_BrandschutzundfeuerwehrtechnischeHilfeleistung_Tabelle_t2.csv
1,162,0,band1_p162_PG0209_BrandschutzundfeuerwehrtechnischeHilfeleistung_Tabelle_t0.csv
1,163,0,band1_p163_PG0209_BrandschutzundfeuerwehrtechnischeHilfeleistung_Teilergebnisplan_t0.csv
1,165,0,band1_p165_PG0209_BrandschutzundfeuerwehrtechnischeHilfeleistung_Teilfinanzplan_t0.csv
1,167,0,band1_p167_PG0210_Rettungsdienst_Beschreibung_t0.csv
1,168,0,band1_p168_PG0210_Rettungsdienst_Kennzahlen_t0.csv
1,169,0,band1_p169_PG0210_Rettungsdienst_Tabelle_t0.csv
1,169,1,band1_p169_PG0210_Rettungsdienst_Tabelle_t1.csv
1,169,2,band1_p169_PG0210_Rettungsdienst_Tabelle_t2.csv
1,170,0,band1_p170_PG0210_Rettungsdienst_Teilergebnisplan_t0.csv
1,172,0,band1_p172_PG0210_Rettungsdienst_Teilfinanzplan_t0.csv
1,175,0,band1_p175_PG0211_VeterinarwesenundLebensmitteluberwachung_Beschreibung_t0.csv
1,176,0,band1_p176_PG0211_VeterinarwesenundLebensmitteluberwachung_Tabelle_t0.csv
1,176,1,band1_p176_PG0211_VeterinarwesenundLebensmitteluberwachung_Tabelle_t1.csv
1,177,0,band1_p177_PG0211_VeterinarwesenundLebensmitteluberwachung_Teilergebnisplan_t0.csv
1,179,0,band1_p179_PG0211_VeterinarwesenundLebensmitteluberwachung_Teilfinanzplan_t0.csv
1,183,0,band1_p183_PG03_Schultrageraufgaben_Tabelle_t0.csv
1,184,0,band1_p184_PG03_Schultrageraufgaben_Tabelle_t0.csv
1,185,0,band1_p185_PB03_Schultrageraufgaben_Teilergebnisplan_t0.csv
1,186,0,band1_p186_PB03_Schultrageraufgaben_Teilfinanzplan_t0.csv
1,189,0,band1_p189_PG0301_LeistungenfurSchulen_Beschreibung_t0.csv
1,190,0,band1_p190_PG0301_LeistungenfurSchulen_Kennzahlen_t0.csv
1,191,0,band1_p191_PG0301_LeistungenfurSchulen_Tabelle_t0.csv
1,191,1,band1_p191_PG0301_LeistungenfurSchulen_Tabelle_t1.csv
1,192,0,band1_p192_PG0301_LeistungenfurSchulen_Tabelle_t0.csv
1,192,1,band1_p192_PG0301_LeistungenfurSchulen_Tabelle_t1.csv
1,193,0,band1_p193_PG0301_LeistungenfurSchulen_Tabelle_t0.csv
1,193,1,band1_p193_PG0301_LeistungenfurSchulen_Tabelle_t1.csv
1,194,0,band1_p194_PG0301_LeistungenfurSchulen_Tabelle_t0.csv
1,194,1,band1_p194_PG0301_LeistungenfurSchulen_Tabelle_t1.csv
1,195,0,band1_p195_PG0301_LeistungenfurSchulen_Tabelle_t0.csv
1,196,0,band1_p196_PG0301_LeistungenfurSchulen_Teilergebnisplan_t0.csv
1,198,0,band1_p198_PG0301_LeistungenfurSchulen_Teilfinanzplan_t0.csv
1,201,0,band1_p201_PG0302_ZentraleLeistungenfuramSchullebenBeteiligte_Beschreibung_t0.csv
1,202,0,band1_p202_PG0302_ZentraleLeistungenfuramSchullebenBeteiligte_Kennzahlen_t0.csv
1,203,0,band1_p203_PG0302_ZentraleLeistungenfuramSchullebenBeteiligte_Tabelle_t0.csv
1,203,1,band1_p203_PG0302_ZentraleLeistungenfuramSchullebenBeteiligte_Tabelle_t1.csv
1,204,0,band1_p204_PG0302_ZentraleLeistungenfuramSchullebenBeteiligte_Tabelle_t0.csv
1,204,1,band1_p204_PG0302_ZentraleLeistungenfuramSchullebenBeteiligte_Tabelle_t1.csv
1,205,0,band1_p205_PG0302_ZentraleLeistungenfuramSchullebenBeteiligte_Teilergebnisplan_t0.csv
1,207,0,band1_p207_PG0302_ZentraleLeistungenfuramSchullebenBeteiligte_Teilfinanzplan_t0.csv
1,210,0,band1_p210_PB04_KulturundWissenschaft_Teilergebnisplan_t0.csv
1,211,0,band1_p211_PB04_KulturundWissenschaft_Teilfinanzplan_t0.csv
1,213,0,band1_p213_PG0401_Kulturmanagement_Kulturforderung_Beschreibung_t0.csv
1,214,0,band1_p214_PG0401_Kulturmanagement_Kulturforderung_Kennzahlen_t0.csv
1,215,0,band1_p215_PG0401_Kulturmanagement_Kulturforderung_Kennzahlen_t0.csv
1,216,0,band1_p216_PG0401_Kulturmanagement_Kulturforderung_Tabelle_t0.csv
1,216,1,band1_p216_PG0401_Kulturmanagement_Kulturforderung_Tabelle_t1.csv
1,217,0,band1_p217_PG0401_Kulturmanagement_Kulturforderung_Tabelle_t0.csv
1,217,1,band1_p217_PG0401_Kulturmanagement_Kulturforderung_Tabelle_t1.csv
1,218,0,band1_p218_PG0401_Kulturmanagement_Kulturforderung_Teilergebnisplan_t0.csv
1,220,0,band1_p220_PG0401_Kulturmanagement_Kulturforderung_Teilfinanzplan_t0.csv
1,223,0,band1_p223_PG0402_Volkshochschule_Beschreibung_t0.csv
1,224,0,band1_p224_PG0402_Volkshochschule_Tabelle_t0.csv
1,224,1,band1_p224_PG0402_Volkshochschule_Tabelle_t1.csv
1,225,0,band1_p225_PG0402_Volkshochschule_Tabelle_t0.csv
1,226,0,band1_p226_PG0402_Volkshochschule_Teilergebnisplan_t0.csv
1,228,0,band1_p228_PG0402_Volkshochschule_Teilfinanzplan_t0.csv
1,231,0,band1_p231_PG0403_Westf_SchulefurMusikundForderungderStadtteilmusikschulen_Beschreibung_t0.csv
1,232,0,band1_p232_PG0403_Westf_SchulefurMusikundForderungderStadtteilmusikschulen_Kennzahlen_t0.csv
1,233,0,band1_p233_PG0403_Westf_SchulefurMusikundForderungderStadtteilmusikschulen_Tabelle_t0.csv
1,233,1,band1_p233_PG0403_Westf_SchulefurMusikundForderungderStadtteilmusikschulen_Tabelle_t1.csv
1,233,2,band1_p233_PG0403_Westf_SchulefurMusikundForderungderStadtteilmusikschulen_Tabelle_t2.csv
1,234,0,band1_p234_PG0403_Westf_SchulefurMusikundForderungderStadtteilmusikschulen_Tabelle_t0.csv
1,234,1,band1_p234_PG0403_Westf_SchulefurMusikundForderungderStadtteilmusikschulen_Tabelle_t1.csv
1,235,0,band1_p235_PG0403_Westf_SchulefurMusikundForderungderStadtteilmusikschulen_Tabelle_t0.csv
1,236,0,band1_p236_PG0403_Westf_SchulefurMusikundForderungderStadtteilmusikschulen_Teilergebnisplan_t0.csv
1,238,0,band1_p238_PG0403_Westf_SchulefurMusikundForderungderStadtteilmusikschulen_Teilfinanzplan_t0.csv
1,241,0,band1_p241_PG0404_StadtbuchereiundForderungvonBuchereienfreierTrager_Beschreibung_t0.csv
1,242,0,band1_p242_PG0404_StadtbuchereiundForderungvonBuchereienfreierTrager_Kennzahlen_t0.csv
1,243,0,band1_p243_PG0404_StadtbuchereiundForderungvonBuchereienfreierTrager_Tabelle_t0.csv
1,243,1,band1_p243_PG0404_StadtbuchereiundForderungvonBuchereienfreierTrager_Tabelle_t1.csv
1,244,0,band1_p244_PG0404_StadtbuchereiundForderungvonBuchereienfreierTrager_Teilergebnisplan_t0.csv
1,246,0,band1_p246_PG0404_StadtbuchereiundForderungvonBuchereienfreierTrager_Teilfinanzplan_t0.csv
1,249,0,band1_p249_PG0405_Stadtmuseum_Beschreibung_t0.csv
1,250,0,band1_p250_PG0405_Stadtmuseum_Kennzahlen_t0.csv
1,251,0,band1_p251_PG0405_Stadtmuseum_Tabelle_t0.csv
1,251,1,band1_p251_PG0405_Stadtmuseum_Tabelle_t1.csv
1,251,2,band1_p251_PG0405_Stadtmuseum_Tabelle_t2.csv
1,252,0,band1_p252_PG0405_Stadtmuseum_Tabelle_t0.csv
1,253,0,band1_p253_PG0405_Stadtmuseum_Teilergebnisplan_t0.csv
1,255,0,band1_p255_PG0405_Stadtmuseum_Teilfinanzplan_t0.csv
1,257,0,band1_p257_PG0406_Stadtarchiv_Beschreibung_t0.csv
1,258,0,band1_p258_PG0406_Stadtarchiv_Kennzahlen_t0.csv
1,259,0,band1_p259_PG0406_Stadtarchiv_Tabelle_t0.csv
1,259,1,band1_p259_PG0406_Stadtarchiv_Tabelle_t1.csv
1,260,0,band1_p260_PG0406_Stadtarchiv_Teilergebnisplan_t0.csv
1,261,0,band1_p261_PG0406_Stadtarchiv_Teilfinanzplan_t0.csv
1,263,0,band1_p263_PG0407_TheaterMunster_Beschreibung_t0.csv
1,264,0,band1_p264_PG0407_TheaterMunster_Teilergebnisplan_t0.csv
1,267,0,band1_p267_PG0408_GeschichtsortVillatenHompel_Beschreibung_t0.csv
1,268,0,band1_p268_PG0408_GeschichtsortVillatenHompel_Tabelle_t0.csv
1,269,0,band1_p269_PG0408_GeschichtsortVillatenHompel_Teilergebnisplan_t0.csv
1,270,0,band1_p270_PG0408_GeschichtsortVillatenHompel_Teilfinanzplan_t0.csv
1,272,0,band1_p272_PG05_Soziale_Leistungen_Beschreibung_t0.csv
1,273,0,band1_p273_PG05_Soziale_Leistungen_Ziele_t0.csv
1,273,1,band1_p273_PG05_Soziale_Leistungen_Kennzahlen_t1.csv
1,274,0,band1_p274_PB05_SozialeLeistungen_Teilergebnisplan_t0.csv
1,275,0,band1_p275_PB05_SozialeLeistungen_Teilfinanzplan_t0.csv
1,277,0,band1_p277_PG0501_LeistungenderGrundsicherungfurArbeitsuchende_Beschreibung_t0.csv
1,278,0,band1_p278_PG0501_LeistungenderGrundsicherungfurArbeitsuchende_Kennzahlen_t0.csv
1,279,0,band1_p279_PG0501_LeistungenderGrundsicherungfurArbeitsuchende_Tabelle_t0.csv
1,279,1,band1_p279_PG0501_LeistungenderGrundsicherungfurArbeitsuchende_Tabelle_t1.csv
1,280,0,band1_p280_PG0501_LeistungenderGrundsicherungfurArbeitsuchende_Tabelle_t0.csv
1,280,1,band1_p280_PG0501_LeistungenderGrundsicherungfurArbeitsuchende_Tabelle_t1.csv
1,281,0,band1_p281_PG0501_LeistungenderGrundsicherungfurArbeitsuchende_Tabelle_t0.csv
1,282,0,band1_p282_PG0501_LeistungenderGrundsicherungfurArbeitsuchende_Teilergebnisplan_t0.csv
1,284,0,band1_p284_PG0501_LeistungenderGrundsicherungfurArbeitsuchende_Teilfinanzplan_t0.csv
1,287,0,band1_p287_PG0502_SicherungdesLebensunterhalts_Beschreibung_t0.csv
1,288,0,band1_p288_PG0502_SicherungdesLebensunterhalts_Tabelle_t0.csv
1,288,1,band1_p288_PG0502_SicherungdesLebensunterhalts_Tabelle_t1.csv
1,288,2,band1_p288_PG0502_SicherungdesLebensunterhalts_Tabelle_t2.csv
1,289,0,band1_p289_PG0502_SicherungdesLebensunterhalts_Tabelle_t0.csv
1,290,0,band1_p290_PG0502_SicherungdesLebensunterhalts_Teilergebnisplan_t0.csv
1,292,0,band1_p292_PG0502_SicherungdesLebensunterhalts_Teilfinanzplan_t0.csv
1,295,0,band1_p295_PG0503_SicherungbesonderersozialerBedarfe_Beschreibung_t0.csv
1,296,0,band1_p296_PG0503_SicherungbesonderersozialerBedarfe_Tabelle_t0.csv
1,297,0,band1_p297_PG0503_SicherungbesonderersozialerBedarfe_Tabelle_t0.csv
1,298,0,band1_p298_PG0503_SicherungbesonderersozialerBedarfe_Tabelle_t0.csv
1,298,1,band1_p298_PG0503_SicherungbesonderersozialerBedarfe_Tabelle_t1.csv
1,299,0,band1_p299_PG0503_SicherungbesonderersozialerBedarfe_Tabelle_t0.csv
1,299,1,band1_p299_PG0503_SicherungbesonderersozialerBedarfe_Tabelle_t1.csv
1,300,0,band1_p300_PG0503_SicherungbesonderersozialerBedarfe_Teilergebnisplan_t0.csv
1,302,0,band1_p302_PG0503_SicherungbesonderersozialerBedarfe_Teilfinanzplan_t0.csv
1,305,0,band1_p305_PG0504_Wohngeld_Beschreibung_t0.csv
1,306,0,band1_p306_PG0504_Wohngeld_Teilergebnisplan_t0.csv
1,310,0,band1_p310_PB06_Kinder_Jugend_undFamilienhilfe_Teilergebnisplan_t0.csv
1,311,0,band1_p311_PB06_Kinder_Jugend_undFamilienhilfe_Teilfinanzplan_t0.csv
1,313,0,band1_p313_PG0601_ForderungvonKinderninTagesbetreuung_Beschreibung_t0.csv
1,314,0,band1_p314_PG0601_ForderungvonKinderninTagesbetreuung_Kennzahlen_t0.csv
1,315,0,band1_p315_PG0601_ForderungvonKinderninTagesbetreuung_Kennzahlen_t0.csv
1,316,0,band1_p316_PG0601_ForderungvonKinderninTagesbetreuung_Tabelle_t0.csv
1,316,1,band1_p316_PG0601_ForderungvonKinderninTagesbetreuung_Tabelle_t1.csv
1,317,0,band1_p317_PG0601_ForderungvonKinderninTagesbetreuung_Tabelle_t0.csv
1,318,0,band1_p318_PG0601_ForderungvonKinderninTagesbetreuung_Teilergebnisplan_t0.csv
1,321,0,band1_p321_PG0601_ForderungvonKinderninTagesbetreuung_Teilfinanzplan_t0.csv
1,325,0,band1_p325_PG0602_Kinder_undJugendarbeit_Beschreibung_t0.csv
1,326,0,band1_p326_PG0602_Kinder_undJugendarbeit_Kennzahlen_t0.csv
1,327,0,band1_p327_PG0602_Kinder_undJugendarbeit_Tabelle_t0.csv
1,327,1,band1_p327_PG0602_Kinder_undJugendarbeit_Tabelle_t1.csv
1,328,0,band1_p328_PG0602_Kinder_undJugendarbeit_Teilergebnisplan_t0.csv
1,330,0,band1_p330_PG0602_Kinder_undJugendarbeit_Teilfinanzplan_t0.csv
1,333,0,band1_p333_PG0603_ForderungvonbenachteiligtenjungenMenschen_Beschreibung_t0.csv
1,334,0,band1_p334_PG0603_ForderungvonbenachteiligtenjungenMenschen_Kennzahlen_t0.csv
1,335,0,band1_p335_PG0603_ForderungvonbenachteiligtenjungenMenschen_Tabelle_t0.csv
1,335,1,band1_p335_PG0603_ForderungvonbenachteiligtenjungenMenschen_Tabelle_t1.csv
1,336,0,band1_p336_PG0603_ForderungvonbenachteiligtenjungenMenschen_Tabelle_t0.csv
1,337,0,band1_p337_PG0603_ForderungvonbenachteiligtenjungenMenschen_Teilergebnisplan_t0.csv
1,339,0,band1_p339_PG0603_ForderungvonbenachteiligtenjungenMenschen_Teilfinanzplan_t0.csv
1,343,0,band1_p343_PG0604_Familienforderung_Beschreibung_t0.csv
1,344,0,band1_p344_PG0604_Familienforderung_Kennzahlen_t0.csv
1,345,0,band1_p345_PG0604_Familienforderung_Tabelle_t0.csv
1,345,1,band1_p345_PG0604_Familienforderung_Tabelle_t1.csv
1,346,0,band1_p346_PG0604_Familienforderung_Teilergebnisplan_t0.csv
1,348,0,band1_p348_PG0604_Familienforderung_Teilfinanzplan_t0.csv
1,351,0,band1_p351_PG0605_ErzieherischeundwirtschaftlicheHilfenfurFamilien_Beschreibung_t0.csv
1,352,0,band1_p352_PG0605_ErzieherischeundwirtschaftlicheHilfenfurFamilien_Kennzahlen_t0.csv
1,353,0,band1_p353_PG0605_ErzieherischeundwirtschaftlicheHilfenfurFamilien_Kennzahlen_t0.csv
1,354,0,band1_p354_PG0605_ErzieherischeundwirtschaftlicheHilfenfurFamilien_Tabelle_t0.csv
1,355,0,band1_p355_PG0605_ErzieherischeundwirtschaftlicheHilfenfurFamilien_Tabelle_t0.csv
1,355,1,band1_p355_PG0605_ErzieherischeundwirtschaftlicheHilfenfurFamilien_Tabelle_t1.csv
1,356,0,band1_p356_PG0605_ErzieherischeundwirtschaftlicheHilfenfurFamilien_Tabelle_t0.csv
1,356,1,band1_p356_PG0605_ErzieherischeundwirtschaftlicheHilfenfurFamilien_Tabelle_t1.csv
1,357,0,band1_p357_PG0605_ErzieherischeundwirtschaftlicheHilfenfurFamilien_Tabelle_t0.csv
1,357,1,band1_p357_PG0605_ErzieherischeundwirtschaftlicheHilfenfurFamilien_Tabelle_t1.csv
1,358,0,band1_p358_PG0605_ErzieherischeundwirtschaftlicheHilfenfurFamilien_Teilergebnisplan_t0.csv
1,360,0,band1_p360_PG0605_ErzieherischeundwirtschaftlicheHilfenfurFamilien_Teilfinanzplan_t0.csv
1,362,0,band1_p362_PB07_Gesundheitsdienste_Teilergebnisplan_t0.csv
1,363,0,band1_p363_PB07_Gesundheitsdienste_Teilfinanzplan_t0.csv
1,365,0,band1_p365_PG0701_Gesundheitsdienste_Beschreibung_t0.csv
1,366,0,band1_p366_PG0701_Gesundheitsdienste_Tabelle_t0.csv
1,366,1,band1_p366_PG0701_Gesundheitsdienste_Tabelle_t1.csv
1,367,0,band1_p367_PG0701_Gesundheitsdienste_Tabelle_t0.csv
1,367,1,band1_p367_PG0701_Gesundheitsdienste_Tabelle_t1.csv
1,368,0,band1_p368_PG0701_Gesundheitsdienste_Tabelle_t0.csv
1,368,1,band1_p368_PG0701_Gesundheitsdienste_Tabelle_t1.csv
1,369,0,band1_p369_PG0701_Gesundheitsdienste_Teilergebnisplan_t0.csv
1,371,0,band1_p371_PG0701_Gesundheitsdienste_Teilfinanzplan_t0.csv
1,374,0,band1_p374_PB08_Sportforderung_Teilergebnisplan_t0.csv
1,375,0,band1_p375_PB08_Sportforderung_Teilfinanzplan_t0.csv
1,377,0,band1_p377_PG0801_Sportinfrastruktur_Sportforderung_Sportveranstaltungen_Beschreibung_t0.csv
1,378,0,band1_p378_PG0801_Sportinfrastruktur_Sportforderung_Sportveranstaltungen_Tabelle_t0.csv
1,378,1,band1_p378_PG0801_Sportinfrastruktur_Sportforderung_Sportveranstaltungen_Tabelle_t1.csv
1,379,0,band1_p379_PG0801_Sportinfrastruktur_Sportforderung_Sportveranstaltungen_Tabelle_t0.csv
1,380,0,band1_p380_PG0801_Sportinfrastruktur_Sportforderung_Sportveranstaltungen_Teilergebnisplan_t0.csv
1,382,0,band1_p382_PG0801_Sportinfrastruktur_Sportforderung_Sportveranstaltungen_Teilfinanzplan_t0.csv
1,385,0,band1_p385_PG0802_Bader_Beschreibung_t0.csv
1,386,0,band1_p386_PG0802_Bader_Tabelle_t0.csv
1,386,1,band1_p386_PG0802_Bader_Tabelle_t1.csv
1,387,0,band1_p387_PG0802_Bader_Teilergebnisplan_t0.csv
1,389,0,band1_p389_PG0802_Bader_Teilfinanzplan_t0.csv
1,392,0,band1_p392_PB09_RaumlichePlanungundEntwicklung_Geoinformationen_Teilergebnisplan_t0.csv
1,393,0,band1_p393_PB09_RaumlichePlanungundEntwicklung_Geoinformationen_Teilfinanzplan_t0.csv
1,395,0,band1_p395_PG0901_Stadt_undRegionalentwicklung_Stadtplanung_Beschreibung_t0.csv
1,396,0,band1_p396_PG0901_Stadt_undRegionalentwicklung_Stadtplanung_Ziele_t0.csv
1,397,0,band1_p397_PG0901_Stadt_undRegionalentwicklung_Stadtplanung_Kennzahlen_t0.csv
1,398,0,band1_p398_PG0901_Stadt_undRegionalentwicklung_Stadtplanung_Tabelle_t0.csv
1,399,0,band1_p399_PG0901_Stadt_undRegionalentwicklung_Stadtplanung_Tabelle_t0.csv
1,400,0,band1_p400_PG0901_Stadt_undRegionalentwicklung_Stadtplanung_Tabelle_t0.csv
1,400,1,band1_p400_PG0901_Stadt_undRegionalentwicklung_Stadtplanung_Tabelle_t1.csv
1,401,0,band1_p401_PG0901_Stadt_undRegionalentwicklung_Stadtplanung_Tabelle_t0.csv
1,402,0,band1_p402_PG0901_Stadt_undRegionalentwicklung_Stadtplanung_Tabelle_t0.csv
1,403,0,band1_p403_PG0901_Stadt_undRegionalentwicklung_Stadtplanung_Teilergebnisplan_t0.csv
1,405,0,band1_p405_PG0901_Stadt_undRegionalentwicklung_Stadtplanung_Teilfinanzplan_t0.csv
1,407,0,band1_p407_PG0902_Vermessung_KatasterundGeoinformation_Beschreibung_t0.csv
1,408,0,band1_p408_PG0902_Vermessung_KatasterundGeoinformation_Kennzahlen_t0.csv
1,409,0,band1_p409_PG0902_Vermessung_KatasterundGeoinformation_Tabelle_t0.csv
1,409,1,band1_p409_PG0902_Vermessung_KatasterundGeoinformation_Tabelle_t1.csv
1,410,0,band1_p410_PG0902_Vermessung_KatasterundGeoinformation_Tabelle_t0.csv
1,410,1,band1_p410_PG0902_Vermessung_KatasterundGeoinformation_Tabelle_t1.csv
1,411,0,band1_p411_PG0902_Vermessung_KatasterundGeoinformation_Tabelle_t0.csv
1,411,1,band1_p411_PG0902_Vermessung_KatasterundGeoinformation_Tabelle_t1.csv
1,412,0,band1_p412_PG0902_Vermessung_KatasterundGeoinformation_Tabelle_t0.csv
1,413,0,band1_p413_PG0902_Vermessung_KatasterundGeoinformation_Teilergebnisplan_t0.csv
1,414,0,band1_p414_PG0902_Vermessung_KatasterundGeoinformation_Teilfinanzplan_t0.csv
1,416,0,band1_p416_PB10_BauenundWohnen_Teilergebnisplan_t0.csv
1,417,0,band1_p417_PB10_BauenundWohnen_Teilfinanzplan_t0.csv
1,419,0,band1_p419_PG1001_BauaufsichtundbaurechtlicheBeratung_Beschreibung_t0.csv
1,420,0,band1_p420_PG1001_BauaufsichtundbaurechtlicheBeratung_Tabelle_t0.csv
1,420,1,band1_p420_PG1001_BauaufsichtundbaurechtlicheBeratung_Tabelle_t1.csv
1,420,2,band1_p420_PG1001_BauaufsichtundbaurechtlicheBeratung_Tabelle_t2.csv
1,421,0,band1_p421_PG1001_BauaufsichtundbaurechtlicheBeratung_Teilergebnisplan_t0.csv
1,422,0,band1_p422_PG1001_BauaufsichtundbaurechtlicheBeratung_Teilfinanzplan_t0.csv
1,425,0,band1_p425_PG1002_DenkmalschutzundDenkmalpflege_Beschreibung_t0.csv
1,426,0,band1_p426_PG1002_DenkmalschutzundDenkmalpflege_Kennzahlen_t0.csv
1,427,0,band1_p427_PG1002_DenkmalschutzundDenkmalpflege_Teilergebnisplan_t0.csv
1,431,0,band1_p431_PG1003_Wohnen_Beschreibung_t0.csv
1,432,0,band1_p432_PG1003_Wohnen_Kennzahlen_t0.csv
1,433,0,band1_p433_PG1003_Wohnen_Tabelle_t0.csv
1,433,1,band1_p433_PG1003_Wohnen_Tabelle_t1.csv
1,434,0,band1_p434_PG1003_Wohnen_Tabelle_t0.csv
1,435,0,band1_p435_PG1003_Wohnen_Tabelle_t0.csv
1,436,0,band1_p436_PG1003_Wohnen_Teilergebnisplan_t0.csv
1,440,0,band1_p440_PB11_Ver_undEntsorgung_Teilergebnisplan_t0.csv
1,441,0,band1_p441_PB11_Ver_undEntsorgung_Teilfinanzplan_t0.csv
1,443,0,band1_p443_PG1101_Abwasserbeseitigung_Beschreibung_t0.csv
1,444,0,band1_p444_PG1101_Abwasserbeseitigung_Tabelle_t0.csv
1,444,1,band1_p444_PG1101_Abwasserbeseitigung_Tabelle_t1.csv
1,445,0,band1_p445_PG1101_Abwasserbeseitigung_Teilergebnisplan_t0.csv
1,447,0,band1_p447_PG1101_Abwasserbeseitigung_Teilfinanzplan_t0.csv
1,449,0,band1_p449_PG1102_Abfallwirtschaft_AWM_Beschreibung_t0.csv
1,450,0,band1_p450_PG1102_Abfallwirtschaft_AWM_Teilergebnisplan_t0.csv
1,452,0,band1_p452_PB12_Verkehrsflachenund_anlagen_OPNV_Teilergebnisplan_t0.csv
1,453,0,band1_p453_PB12_Verkehrsflachenund_anlagen_OPNV_Teilfinanzplan_t0.csv
1,455,0,band1_p455_PG1201_BereitstellungvonVerkehrsflachenund_anlagen_Beschreibung_t0.csv
1,456,0,band1_p456_PG1201_BereitstellungvonVerkehrsflachenund_anlagen_Kennzahlen_t0.csv
1,457,0,band1_p457_PG1201_BereitstellungvonVerkehrsflachenund_anlagen_Tabelle_t0.csv
1,457,1,band1_p457_PG1201_BereitstellungvonVerkehrsflachenund_anlagen_Tabelle_t1.csv
1,458,0,band1_p458_PG1201_BereitstellungvonVerkehrsflachenund_anlagen_Tabelle_t0.csv
1,459,0,band1_p459_PG1201_BereitstellungvonVerkehrsflachenund_anlagen_Teilergebnisplan_t0.csv
1,461,0,band1_p461_PG1201_BereitstellungvonVerkehrsflachenund_anlagen_Teilfinanzplan_t0.csv
1,464,0,band1_p464_PG13_Natur_und_Landschaftspflege_Teilergebnisplan_t0.csv
1,465,0,band1_p465_PG13_Natur_und_Landschaftspflege_Teilfinanzplan_t0.csv
1,467,0,band1_p467_PG1301_Grun_undFreiflachen_Beschreibung_t0.csv
1,468,0,band1_p468_PG1301_Grun_undFreiflachen_Tabelle_t0.csv
1,468,1,band1_p468_PG1301_Grun_undFreiflachen_Tabelle_t1.csv
1,469,0,band1_p469_PG1301_Grun_undFreiflachen_Teilergebnisplan_t0.csv
1,471,0,band1_p471_PG1301_Grun_undFreiflachen_Teilfinanzplan_t0.csv
1,473,0,band1_p473_PG1302_Friedhofe_Beschreibung_t0.csv
1,474,0,band1_p474_PG1302_Friedhofe_Tabelle_t0.csv
1,474,1,band1_p474_PG1302_Friedhofe_Tabelle_t1.csv
1,475,0,band1_p475_PG1302_Friedhofe_Teilergebnisplan_t0.csv
1,477,0,band1_p477_PG1302_Friedhofe_Teilfinanzplan_t0.csv
1,479,0,band1_p479_PG1303_Natur_Landschaft_Erholung_Wasserschutz_Beschreibung_t0.csv
1,480,0,band1_p480_PG1303_Natur_Landschaft_Erholung_Wasserschutz_Tabelle_t0.csv
1,480,1,band1_p480_PG1303_Natur_Landschaft_Erholung_Wasserschutz_Tabelle_t1.csv
1,481,0,band1_p481_PG1303_Natur_Landschaft_Erholung_Wasserschutz_Teilergebnisplan_t0.csv
1,483,0,band1_p483_PG1303_Natur_Landschaft_Erholung_Wasserschutz_Teilfinanzplan_t0.csv
1,485,0,band1_p485_PG1304_FliessendeGewasser_Beschreibung_t0.csv
1,486,0,band1_p486_PG1304_FliessendeGewasser_Teilergebnisplan_t0.csv
1,488,0,band1_p488_PG1304_FliessendeGewasser_Teilfinanzplan_t0.csv
1,491,0,band1_p491_PG1305_WaldundForstwirtschaft_Beschreibung_t0.csv
1,492,0,band1_p492_PG1305_WaldundForstwirtschaft_Kennzahlen_t0.csv
1,493,0,band1_p493_PG1305_WaldundForstwirtschaft_Teilergebnisplan_t0.csv
1,495,0,band1_p495_PG1305_WaldundForstwirtschaft_Teilfinanzplan_t0.csv
1,498,0,band1_p498_PB14_Umweltschutz_Teilergebnisplan_t0.csv
1,499,0,band1_p499_PB14_Umweltschutz_Teilfinanzplan_t0.csv
1,501,0,band1_p501_PG1401_Ubergr_Umweltschutz_Klima_Nachhaltigkeit_Immission_Boden_Abf_Beschreibung_t0.csv
1,502,0,band1_p502_PG1401_Ubergr_Umweltschutz_Klima_Nachhaltigkeit_Immission_Boden_Abf_Tabelle_t0.csv
1,502,1,band1_p502_PG1401_Ubergr_Umweltschutz_Klima_Nachhaltigkeit_Immission_Boden_Abf_Tabelle_t1.csv
1,503,0,band1_p503_PG1401_Ubergr_Umweltschutz_Klima_Nachhaltigkeit_Immission_Boden_Abf_Tabelle_t0.csv
1,503,1,band1_p503_PG1401_Ubergr_Umweltschutz_Klima_Nachhaltigkeit_Immission_Boden_Abf_Tabelle_t1.csv
1,504,0,band1_p504_PG1401_Ubergr_Umweltschutz_Klima_Nachhaltigkeit_Immission_Boden_Abf_Teilergebnisplan_t0.csv
1,506,0,band1_p506_PG1401_Ubergr_Umweltschutz_Klima_Nachhaltigkeit_Immission_Boden_Abf_Teilfinanzplan_t0.csv
1,508,0,band1_p508_PB15_WirtschaftundTourismus_Teilergebnisplan_t0.csv
1,509,0,band1_p509_PB15_WirtschaftundTourismus_Teilfinanzplan_t0.csv
1,511,0,band1_p511_PG1501_AnteileanUnternehmen_Beschreibung_t0.csv
1,512,0,band1_p512_PG1501_AnteileanUnternehmen_Tabelle_t0.csv
1,512,1,band1_p512_PG1501_AnteileanUnternehmen_Tabelle_t1.csv
1,513,0,band1_p513_PG1501_AnteileanUnternehmen_Tabelle_t0.csv
1,513,1,band1_p513_PG1501_AnteileanUnternehmen_Tabelle_t1.csv
1,514,0,band1_p514_PG1501_AnteileanUnternehmen_Tabelle_t0.csv
1,514,1,band1_p514_PG1501_AnteileanUnternehmen_Tabelle_t1.csv
1,515,0,band1_p515_PG1501_AnteileanUnternehmen_Tabelle_t0.csv
1,515,1,band1_p515_PG1501_AnteileanUnternehmen_Tabelle_t1.csv
1,515,2,band1_p515_PG1501_AnteileanUnternehmen_Tabelle_t2.csv
1,516,0,band1_p516_PG1501_AnteileanUnternehmen_Teilergebnisplan_t0.csv
1,518,0,band1_p518_PG1501_AnteileanUnternehmen_Teilfinanzplan_t0.csv
1,521,0,band1_p521_PG1502_Stadtmarketing_MM_Beschreibung_t0.csv
1,522,0,band1_p522_PG1502_Stadtmarketing_MM_Teilergebnisplan_t0.csv
1,525,0,band1_p525_PG1503_StadthalleHiltrup_Beschreibung_t0.csv
1,526,0,band1_p526_PG1503_StadthalleHiltrup_Teilergebnisplan_t0.csv
1,528,0,band1_p528_PG1503_StadthalleHiltrup_Teilfinanzplan_t0.csv
1,531,0,band1_p531_PG1504_OffentlicheToilettenanlagen_Beschreibung_t0.csv
1,532,0,band1_p532_PG1504_OffentlicheToilettenanlagen_Teilergebnisplan_t0.csv
1,533,0,band1_p533_PG1504_OffentlicheToilettenanlagen_Teilfinanzplan_t0.csv
1,536,0,band1_p536_PB16_AllgemeineFinanzwirtschaft_Teilergebnisplan_t0.csv
1,537,0,band1_p537_PB16_AllgemeineFinanzwirtschaft_Teilfinanzplan_t0.csv
1,538,0,band1_p538_PB16_AllgemeineFinanzwirtschaft_Teilfinanzplan_t0.csv
1,541,0,band1_p541_PG1601_AllgemeineFinanzwirtschaft_Beschreibung_t0.csv
1,542,0,band1_p542_PG1601_AllgemeineFinanzwirtschaft_Tabelle_t0.csv
1,542,1,band1_p542_PG1601_AllgemeineFinanzwirtschaft_Tabelle_t1.csv
1,543,0,band1_p543_PG1601_AllgemeineFinanzwirtschaft_Tabelle_t0.csv
1,544,0,band1_p544_PG1601_AllgemeineFinanzwirtschaft_Teilergebnisplan_t0.csv
1,546,0,band1_p546_PG1601_AllgemeineFinanzwirtschaft_Teilfinanzplan_t0.csv
1,547,0,band1_p547_PG1601_AllgemeineFinanzwirtschaft_Teilfinanzplan_t0.csv
1,550,0,band1_p550_PB17_Stiftungen_Teilergebnisplan_t0.csv
1,553,0,band1_p553_PG1701_RechtlichunselbstandigeStiftungen_Beschreibung_t0.csv
1,554,0,band1_p554_PG1701_RechtlichunselbstandigeStiftungen_Teilergebnisplan_t0.csv
1,560,0,band1_p560_PG0107_PublicRelations_Investitionsmassnahmen_t0.csv
1,560,1,band1_p560_PG0107_PublicRelations_Investitionsmassnahmen_t1.csv
1,560,2,band1_p560_PG0107_PublicRelations_Investitionsmassnahmen_t2.csv
1,560,3,band1_p560_PG0107_PublicRelations_Investitionsmassnahmen_t3.csv
1,561,0,band1_p561_PG0102_GeschaftsfuhrungfurpolitischeGremien_internationaleBeziehung_Investitionsmassnahmen_t0.csv
1,561,1,band1_p561_PG0102_GeschaftsfuhrungfurpolitischeGremien_internationaleBeziehung_Investitionsmassnahmen_t1.csv
1,561,2,band1_p561_PG0102_GeschaftsfuhrungfurpolitischeGremien_internationaleBeziehung_Investitionsmassnahmen_t2.csv
1,561,3,band1_p561_PG0102_GeschaftsfuhrungfurpolitischeGremien_internationaleBeziehung_Investitionsmassnahmen_t3.csv
1,562,0,band1_p562_PG0103_OB_BM_undVerwaltungsfuhrung_Investitionsmassnahmen_t0.csv
1,562,1,band1_p562_PG0103_OB_BM_undVerwaltungsfuhrung_Investitionsmassnahmen_t1.csv
1,562,2,band1_p562_PG0103_OB_BM_undVerwaltungsfuhrung_Investitionsmassnahmen_t2.csv
1,562,3,band1_p562_PG0103_OB_BM_undVerwaltungsfuhrung_Investitionsmassnahmen_t3.csv
1,563,0,band1_p563_PG0204_Burgerangelegenheiten_Investitionsmassnahmen_t0.csv
1,563,1,band1_p563_PG0204_Burgerangelegenheiten_Investitionsmassnahmen_t1.csv
1,563,2,band1_p563_PG0204_Burgerangelegenheiten_Investitionsmassnahmen_t2.csv
1,563,3,band1_p563_PG0204_Burgerangelegenheiten_Investitionsmassnahmen_t3.csv
1,564,0,band1_p564_PG0205_Standesamtsangelegenheiten_Investitionsmassnahmen_t0.csv
1,564,1,band1_p564_PG0205_Standesamtsangelegenheiten_Investitionsmassnahmen_t1.csv
1,564,2,band1_p564_PG0205_Standesamtsangelegenheiten_Investitionsmassnahmen_t2.csv
1,564,3,band1_p564_PG0205_Standesamtsangelegenheiten_Investitionsmassnahmen_t3.csv
1,565,0,band1_p565_PG0208_Wahlen_Investitionsmassnahmen_t0.csv
1,565,1,band1_p565_PG0208_Wahlen_Investitionsmassnahmen_t1.csv
1,565,2,band1_p565_PG0208_Wahlen_Investitionsmassnahmen_t2.csv
1,565,3,band1_p565_PG0208_Wahlen_Investitionsmassnahmen_t3.csv
1,566,0,band1_p566_PG1503_StadthalleHiltrup_Investitionsmassnahmen_t0.csv
1,566,1,band1_p566_PG1503_StadthalleHiltrup_Investitionsmassnahmen_t1.csv
1,566,2,band1_p566_PG1503_StadthalleHiltrup_Investitionsmassnahmen_t2.csv
1,568,0,band1_p568_PG0113_ZentraleDienste_Investitionsmassnahmen_t0.csv
1,568,1,band1_p568_PG0113_ZentraleDienste_Investitionsmassnahmen_t1.csv
1,568,2,band1_p568_PG0113_ZentraleDienste_Investitionsmassnahmen_t2.csv
1,568,3,band1_p568_PG0113_ZentraleDienste_Investitionsmassnahmen_t3.csv
1,568,4,band1_p568_PG0113_ZentraleDienste_Investitionsmassnahmen_t4.csv
1,568,5,band1_p568_PG0113_ZentraleDienste_Investitionsmassnahmen_t5.csv
1,569,0,band1_p569_PG0201_OrdnungsrechtlicheAngelegenheiten_Investitionsmassnahmen_t0.csv
1,569,1,band1_p569_PG0201_OrdnungsrechtlicheAngelegenheiten_Investitionsmassnahmen_t1.csv
1,569,2,band1_p569_PG0201_OrdnungsrechtlicheAngelegenheiten_Investitionsmassnahmen_t2.csv
1,569,3,band1_p569_PG0201_OrdnungsrechtlicheAngelegenheiten_Investitionsmassnahmen_t3.csv
1,570,0,band1_p570_PG0202_GewerberechtlicheAngelegenheiten_Investitionsmassnahmen_t0.csv
1,570,1,band1_p570_PG0202_GewerberechtlicheAngelegenheiten_Investitionsmassnahmen_t1.csv
1,570,2,band1_p570_PG0202_GewerberechtlicheAngelegenheiten_Investitionsmassnahmen_t2.csv
1,571,0,band1_p571_PG0203_StrassenverkehrsrechtlicheAngelegenheiten_Investitionsmassnahmen_t0.csv
1,571,1,band1_p571_PG0203_StrassenverkehrsrechtlicheAngelegenheiten_Investitionsmassnahmen_t1.csv
1,571,2,band1_p571_PG0203_StrassenverkehrsrechtlicheAngelegenheiten_Investitionsmassnahmen_t2.csv
1,571,3,band1_p571_PG0203_StrassenverkehrsrechtlicheAngelegenheiten_Investitionsmassnahmen_t3.csv
1,572,0,band1_p572_PG1504_OffentlicheToilettenanlagen_Investitionsmassnahmen_t0.csv
1,572,1,band1_p572_PG1504_OffentlicheToilettenanlagen_Investitionsmassnahmen_t1.csv
1,572,2,band1_p572_PG1504_OffentlicheToilettenanlagen_Investitionsmassnahmen_t2.csv
1,573,0,band1_p573_PG0209_BrandschutzundfeuerwehrtechnischeHilfeleistung_Investitionsmassnahmen_t0.csv
1,573,1,band1_p573_PG0209_BrandschutzundfeuerwehrtechnischeHilfeleistung_Investitionsmassnahmen_t1.csv
1,573,2,band1_p573_PG0209_BrandschutzundfeuerwehrtechnischeHilfeleistung_Investitionsmassnahmen_t2.csv
1,574,0,band1_p574_PG0209_BrandschutzundfeuerwehrtechnischeHilfeleistung_Investitionsmassnahmen_t0.csv
1,574,1,band1_p574_PG0209_BrandschutzundfeuerwehrtechnischeHilfeleistung_Investitionsmassnahmen_t1.csv
1,574,2,band1_p574_PG0209_BrandschutzundfeuerwehrtechnischeHilfeleistung_Investitionsmassnahmen_t2.csv
1,574,3,band1_p574_PG0209_BrandschutzundfeuerwehrtechnischeHilfeleistung_Investitionsmassnahmen_t3.csv
1,575,0,band1_p575_PG0209_BrandschutzundfeuerwehrtechnischeHilfeleistung_Investitionsmassnahmen_t0.csv
1,575,1,band1_p575_PG0209_BrandschutzundfeuerwehrtechnischeHilfeleistung_Investitionsmassnahmen_t1.csv
1,575,2,band1_p575_PG0209_BrandschutzundfeuerwehrtechnischeHilfeleistung_Investitionsmassnahmen_t2.csv
1,575,3,band1_p575_PG0209_BrandschutzundfeuerwehrtechnischeHilfeleistung_Investitionsmassnahmen_t3.csv
1,575,4,band1_p575_PG0209_BrandschutzundfeuerwehrtechnischeHilfeleistung_Investitionsmassnahmen_t4.csv
1,576,0,band1_p576_PG0209_BrandschutzundfeuerwehrtechnischeHilfeleistung_Investitionsmassnahmen_t0.csv
1,576,1,band1_p576_PG0209_BrandschutzundfeuerwehrtechnischeHilfeleistung_Investitionsmassnahmen_t1.csv
1,576,2,band1_p576_PG0209_BrandschutzundfeuerwehrtechnischeHilfeleistung_Investitionsmassnahmen_t2.csv
1,576,3,band1_p576_PG0209_BrandschutzundfeuerwehrtechnischeHilfeleistung_Investitionsmassnahmen_t3.csv
1,576,4,band1_p576_PG0209_BrandschutzundfeuerwehrtechnischeHilfeleistung_Investitionsmassnahmen_t4.csv
1,577,0,band1_p577_PG0209_BrandschutzundfeuerwehrtechnischeHilfeleistung_Investitionsmassnahmen_t0.csv
1,577,1,band1_p577_PG0209_BrandschutzundfeuerwehrtechnischeHilfeleistung_Investitionsmassnahmen_t1.csv
1,577,2,band1_p577_PG0209_BrandschutzundfeuerwehrtechnischeHilfeleistung_Investitionsmassnahmen_t2.csv
1,577,3,band1_p577_PG0209_BrandschutzundfeuerwehrtechnischeHilfeleistung_Investitionsmassnahmen_t3.csv
1,577,4,band1_p577_PG0209_BrandschutzundfeuerwehrtechnischeHilfeleistung_Investitionsmassnahmen_t4.csv
1,577,5,band1_p577_PG0209_BrandschutzundfeuerwehrtechnischeHilfeleistung_Investitionsmassnahmen_t5.csv
1,577,6,band1_p577_PG0209_BrandschutzundfeuerwehrtechnischeHilfeleistung_Investitionsmassnahmen_t6.csv
1,578,0,band1_p578_PG0210_Rettungsdienst_Investitionsmassnahmen_t0.csv
1,578,1,band1_p578_PG0210_Rettungsdienst_Investitionsmassnahmen_t1.csv
1,578,2,band1_p578_PG0210_Rettungsdienst_Investitionsmassnahmen_t2.csv
1,578,3,band1_p578_PG0210_Rettungsdienst_Investitionsmassnahmen_t3.csv
1,579,0,band1_p579_PG0210_Rettungsdienst_Investitionsmassnahmen_t0.csv
1,579,1,band1_p579_PG0210_Rettungsdienst_Investitionsmassnahmen_t1.csv
1,579,2,band1_p579_PG0210_Rettungsdienst_Investitionsmassnahmen_t2.csv
1,579,3,band1_p579_PG0210_Rettungsdienst_Investitionsmassnahmen_t3.csv
1,579,4,band1_p579_PG0210_Rettungsdienst_Investitionsmassnahmen_t4.csv
1,580,0,band1_p580_PG0115_IT_Management_citeq_Investitionsmassnahmen_t0.csv
1,580,1,band1_p580_PG0115_IT_Management_citeq_Investitionsmassnahmen_t1.csv
1,580,2,band1_p580_PG0115_IT_Management_citeq_Investitionsmassnahmen_t2.csv
1,580,3,band1_p580_PG0115_IT_Management_citeq_Investitionsmassnahmen_t3.csv
1,580,4,band1_p580_PG0115_IT_Management_citeq_Investitionsmassnahmen_t4.csv
1,582,0,band1_p582_PG0109_Finanz_undBeteiligungsmanagement_Investitionsmassnahmen_t0.csv
1,582,1,band1_p582_PG0109_Finanz_undBeteiligungsmanagement_Investitionsmassnahmen_t1.csv
1,582,2,band1_p582_PG0109_Finanz_undBeteiligungsmanagement_Investitionsmassnahmen_t2.csv
1,583,0,band1_p583_PG1501_AnteileanUnternehmen_Investitionsmassnahmen_t0.csv
1,583,1,band1_p583_PG1501_AnteileanUnternehmen_Investitionsmassnahmen_t1.csv
1,583,2,band1_p583_PG1501_AnteileanUnternehmen_Investitionsmassnahmen_t2.csv
1,583,3,band1_p583_PG1501_AnteileanUnternehmen_Investitionsmassnahmen_t3.csv
1,584,0,band1_p584_PG1501_AnteileanUnternehmen_Investitionsmassnahmen_t0.csv
1,584,1,band1_p584_PG1501_AnteileanUnternehmen_Investitionsmassnahmen_t1.csv
1,584,2,band1_p584_PG1501_AnteileanUnternehmen_Investitionsmassnahmen_t2.csv
1,584,3,band1_p584_PG1501_AnteileanUnternehmen_Investitionsmassnahmen_t3.csv
1,584,4,band1_p584_PG1501_AnteileanUnternehmen_Investitionsmassnahmen_t4.csv
1,585,0,band1_p585_PG1601_AllgemeineFinanzwirtschaft_Investitionsmassnahmen_t0.csv
1,585,1,band1_p585_PG1601_AllgemeineFinanzwirtschaft_Investitionsmassnahmen_t1.csv
1,585,2,band1_p585_PG1601_AllgemeineFinanzwirtschaft_Investitionsmassnahmen_t2.csv
1,585,3,band1_p585_PG1601_AllgemeineFinanzwirtschaft_Investitionsmassnahmen_t3.csv
1,586,0,band1_p586_PG1601_AllgemeineFinanzwirtschaft_Investitionsmassnahmen_t0.csv
1,586,1,band1_p586_PG1601_AllgemeineFinanzwirtschaft_Investitionsmassnahmen_t1.csv
1,586,2,band1_p586_PG1601_AllgemeineFinanzwirtschaft_Investitionsmassnahmen_t2.csv
1,586,3,band1_p586_PG1601_AllgemeineFinanzwirtschaft_Investitionsmassnahmen_t3.csv
1,587,0,band1_p587_PG1601_AllgemeineFinanzwirtschaft_Investitionsmassnahmen_t0.csv
1,587,1,band1_p587_PG1601_AllgemeineFinanzwirtschaft_Investitionsmassnahmen_t1.csv
1,587,2,band1_p587_PG1601_AllgemeineFinanzwirtschaft_Investitionsmassnahmen_t2.csv
1,587,3,band1_p587_PG1601_AllgemeineFinanzwirtschaft_Investitionsmassnahmen_t3.csv
1,588,0,band1_p588_PG1601_AllgemeineFinanzwirtschaft_Investitionsmassnahmen_t0.csv
1,588,1,band1_p588_PG1601_AllgemeineFinanzwirtschaft_Investitionsmassnahmen_t1.csv
1,588,2,band1_p588_PG1601_AllgemeineFinanzwirtschaft_Investitionsmassnahmen_t2.csv
1,588,3,band1_p588_PG1601_AllgemeineFinanzwirtschaft_Investitionsmassnahmen_t3.csv
1,588,4,band1_p588_PG1601_AllgemeineFinanzwirtschaft_Investitionsmassnahmen_t4.csv
1,590,0,band1_p590_PG1601_AllgemeineFinanzwirtschaft_Tabelle_t0.csv
1,590,1,band1_p590_PG1601_AllgemeineFinanzwirtschaft_Tabelle_t1.csv
1,590,2,band1_p590_PG1601_AllgemeineFinanzwirtschaft_Tabelle_t2.csv
1,591,0,band1_p591_PG1601_AllgemeineFinanzwirtschaft_Tabelle_t0.csv
1,591,1,band1_p591_PG1601_AllgemeineFinanzwirtschaft_Tabelle_t1.csv
1,591,2,band1_p591_PG1601_AllgemeineFinanzwirtschaft_Tabelle_t2.csv
1,591,3,band1_p591_PG1601_AllgemeineFinanzwirtschaft_Tabelle_t3.csv
1,594,0,band1_p594_PG0901_Stadt_undRegionalentwicklung_Stadtplanung_Investitionsmassnahmen_t0.csv
1,594,1,band1_p594_PG0901_Stadt_undRegionalentwicklung_Stadtplanung_Investitionsmassnahmen_t1.csv
1,594,2,band1_p594_PG0901_Stadt_undRegionalentwicklung_Stadtplanung_Investitionsmassnahmen_t2.csv
1,594,3,band1_p594_PG0901_Stadt_undRegionalentwicklung_Stadtplanung_Investitionsmassnahmen_t3.csv
1,595,0,band1_p595_PG0901_Stadt_undRegionalentwicklung_Stadtplanung_Investitionsmassnahmen_t0.csv
1,595,1,band1_p595_PG0901_Stadt_undRegionalentwicklung_Stadtplanung_Investitionsmassnahmen_t1.csv
1,595,2,band1_p595_PG0901_Stadt_undRegionalentwicklung_Stadtplanung_Investitionsmassnahmen_t2.csv
1,595,3,band1_p595_PG0901_Stadt_undRegionalentwicklung_Stadtplanung_Investitionsmassnahmen_t3.csv
1,596,0,band1_p596_PG0901_Stadt_undRegionalentwicklung_Stadtplanung_Investitionsmassnahmen_t0.csv
1,596,1,band1_p596_PG0901_Stadt_undRegionalentwicklung_Stadtplanung_Investitionsmassnahmen_t1.csv
1,596,2,band1_p596_PG0901_Stadt_undRegionalentwicklung_Stadtplanung_Investitionsmassnahmen_t2.csv
1,596,3,band1_p596_PG0901_Stadt_undRegionalentwicklung_Stadtplanung_Investitionsmassnahmen_t3.csv
1,596,4,band1_p596_PG0901_Stadt_undRegionalentwicklung_Stadtplanung_Investitionsmassnahmen_t4.csv
1,596,5,band1_p596_PG0901_Stadt_undRegionalentwicklung_Stadtplanung_Investitionsmassnahmen_t5.csv
1,597,0,band1_p597_PG0902_Vermessung_KatasterundGeoinformation_Investitionsmassnahmen_t0.csv
1,597,1,band1_p597_PG0902_Vermessung_KatasterundGeoinformation_Investitionsmassnahmen_t1.csv
1,597,2,band1_p597_PG0902_Vermessung_KatasterundGeoinformation_Investitionsmassnahmen_t2.csv
1,598,0,band1_p598_PG1001_BauaufsichtundbaurechtlicheBeratung_Investitionsmassnahmen_t0.csv
1,598,1,band1_p598_PG1001_BauaufsichtundbaurechtlicheBeratung_Investitionsmassnahmen_t1.csv
1,598,2,band1_p598_PG1001_BauaufsichtundbaurechtlicheBeratung_Investitionsmassnahmen_t2.csv
1,598,3,band1_p598_PG1001_BauaufsichtundbaurechtlicheBeratung_Investitionsmassnahmen_t3.csv
1,599,0,band1_p599_PG1101_Abwasserbeseitigung_Investitionsmassnahmen_t0.csv
1,599,1,band1_p599_PG1101_Abwasserbeseitigung_Investitionsmassnahmen_t1.csv
1,599,2,band1_p599_PG1101_Abwasserbeseitigung_Investitionsmassnahmen_t2.csv
1,599,3,band1_p599_PG1101_Abwasserbeseitigung_Investitionsmassnahmen_t3.csv
1,600,0,band1_p600_PG1101_Abwasserbeseitigung_Investitionsmassnahmen_t0.csv
1,600,1,band1_p600_PG1101_Abwasserbeseitigung_Investitionsmassnahmen_t1.csv
1,600,2,band1_p600_PG1101_Abwasserbeseitigung_Investitionsmassnahmen_t2.csv
1,600,3,band1_p600_PG1101_Abwasserbeseitigung_Investitionsmassnahmen_t3.csv
1,601,0,band1_p601_PG1101_Abwasserbeseitigung_Investitionsmassnahmen_t0.csv
1,601,1,band1_p601_PG1101_Abwasserbeseitigung_Investitionsmassnahmen_t1.csv
1,601,2,band1_p601_PG1101_Abwasserbeseitigung_Investitionsmassnahmen_t2.csv
1,601,3,band1_p601_PG1101_Abwasserbeseitigung_Investitionsmassnahmen_t3.csv
1,601,4,band1_p601_PG1101_Abwasserbeseitigung_Investitionsmassnahmen_t4.csv
1,602,0,band1_p602_PG1101_Abwasserbeseitigung_Investitionsmassnahmen_t0.csv
1,602,1,band1_p602_PG1101_Abwasserbeseitigung_Investitionsmassnahmen_t1.csv
1,602,2,band1_p602_PG1101_Abwasserbeseitigung_Investitionsmassnahmen_t2.csv
1,602,3,band1_p602_PG1101_Abwasserbeseitigung_Investitionsmassnahmen_t3.csv
1,602,4,band1_p602_PG1101_Abwasserbeseitigung_Investitionsmassnahmen_t4.csv
1,603,0,band1_p603_PG1101_Abwasserbeseitigung_Investitionsmassnahmen_t0.csv
1,603,1,band1_p603_PG1101_Abwasserbeseitigung_Investitionsmassnahmen_t1.csv
1,603,2,band1_p603_PG1101_Abwasserbeseitigung_Investitionsmassnahmen_t2.csv
1,603,3,band1_p603_PG1101_Abwasserbeseitigung_Investitionsmassnahmen_t3.csv
1,603,4,band1_p603_PG1101_Abwasserbeseitigung_Investitionsmassnahmen_t4.csv
1,604,0,band1_p604_PG1101_Abwasserbeseitigung_Investitionsmassnahmen_t0.csv
1,604,1,band1_p604_PG1101_Abwasserbeseitigung_Investitionsmassnahmen_t1.csv
1,604,2,band1_p604_PG1101_Abwasserbeseitigung_Investitionsmassnahmen_t2.csv
1,604,3,band1_p604_PG1101_Abwasserbeseitigung_Investitionsmassnahmen_t3.csv
1,604,4,band1_p604_PG1101_Abwasserbeseitigung_Investitionsmassnahmen_t4.csv
1,605,0,band1_p605_PG1101_Abwasserbeseitigung_Investitionsmassnahmen_t0.csv
1,605,1,band1_p605_PG1101_Abwasserbeseitigung_Investitionsmassnahmen_t1.csv
1,605,2,band1_p605_PG1101_Abwasserbeseitigung_Investitionsmassnahmen_t2.csv
1,605,3,band1_p605_PG1101_Abwasserbeseitigung_Investitionsmassnahmen_t3.csv
1,605,4,band1_p605_PG1101_Abwasserbeseitigung_Investitionsmassnahmen_t4.csv
1,606,0,band1_p606_PG1101_Abwasserbeseitigung_Investitionsmassnahmen_t0.csv
1,606,1,band1_p606_PG1101_Abwasserbeseitigung_Investitionsmassnahmen_t1.csv
1,606,2,band1_p606_PG1101_Abwasserbeseitigung_Investitionsmassnahmen_t2.csv
1,606,3,band1_p606_PG1101_Abwasserbeseitigung_Investitionsmassnahmen_t3.csv
1,607,0,band1_p607_PG1101_Abwasserbeseitigung_Investitionsmassnahmen_t0.csv
1,607,1,band1_p607_PG1101_Abwasserbeseitigung_Investitionsmassnahmen_t1.csv
1,607,2,band1_p607_PG1101_Abwasserbeseitigung_Investitionsmassnahmen_t2.csv
1,607,3,band1_p607_PG1101_Abwasserbeseitigung_Investitionsmassnahmen_t3.csv
1,607,4,band1_p607_PG1101_Abwasserbeseitigung_Investitionsmassnahmen_t4.csv
1,608,0,band1_p608_PG1101_Abwasserbeseitigung_Investitionsmassnahmen_t0.csv
1,608,1,band1_p608_PG1101_Abwasserbeseitigung_Investitionsmassnahmen_t1.csv
1,608,2,band1_p608_PG1101_Abwasserbeseitigung_Investitionsmassnahmen_t2.csv
1,608,3,band1_p608_PG1101_Abwasserbeseitigung_Investitionsmassnahmen_t3.csv
1,608,4,band1_p608_PG1101_Abwasserbeseitigung_Investitionsmassnahmen_t4.csv
1,609,0,band1_p609_PG1101_Abwasserbeseitigung_Investitionsmassnahmen_t0.csv
1,609,1,band1_p609_PG1101_Abwasserbeseitigung_Investitionsmassnahmen_t1.csv
1,609,2,band1_p609_PG1101_Abwasserbeseitigung_Investitionsmassnahmen_t2.csv
1,609,3,band1_p609_PG1101_Abwasserbeseitigung_Investitionsmassnahmen_t3.csv
1,609,4,band1_p609_PG1101_Abwasserbeseitigung_Investitionsmassnahmen_t4.csv
1,610,0,band1_p610_PG1101_Abwasserbeseitigung_Investitionsmassnahmen_t0.csv
1,610,1,band1_p610_PG1101_Abwasserbeseitigung_Investitionsmassnahmen_t1.csv
1,610,2,band1_p610_PG1101_Abwasserbeseitigung_Investitionsmassnahmen_t2.csv
1,610,3,band1_p610_PG1101_Abwasserbeseitigung_Investitionsmassnahmen_t3.csv
1,610,4,band1_p610_PG1101_Abwasserbeseitigung_Investitionsmassnahmen_t4.csv
1,611,0,band1_p611_PG1101_Abwasserbeseitigung_Investitionsmassnahmen_t0.csv
1,611,1,band1_p611_PG1101_Abwasserbeseitigung_Investitionsmassnahmen_t1.csv
1,611,2,band1_p611_PG1101_Abwasserbeseitigung_Investitionsmassnahmen_t2.csv
1,612,0,band1_p612_PG1201_BereitstellungvonVerkehrsflachenund_anlagen_Investitionsmassnahmen_t0.csv
1,612,1,band1_p612_PG1201_BereitstellungvonVerkehrsflachenund_anlagen_Investitionsmassnahmen_t1.csv
1,612,2,band1_p612_PG1201_BereitstellungvonVerkehrsflachenund_anlagen_Investitionsmassnahmen_t2.csv
1,613,0,band1_p613_PG1201_BereitstellungvonVerkehrsflachenund_anlagen_Investitionsmassnahmen_t0.csv
1,613,1,band1_p613_PG1201_BereitstellungvonVerkehrsflachenund_anlagen_Investitionsmassnahmen_t1.csv
1,613,2,band1_p613_PG1201_BereitstellungvonVerkehrsflachenund_anlagen_Investitionsmassnahmen_t2.csv
1,614,0,band1_p614_PG1201_BereitstellungvonVerkehrsflachenund_anlagen_Investitionsmassnahmen_t0.csv
1,614,1,band1_p614_PG1201_BereitstellungvonVerkehrsflachenund_anlagen_Investitionsmassnahmen_t1.csv
1,614,2,band1_p614_PG1201_BereitstellungvonVerkehrsflachenund_anlagen_Investitionsmassnahmen_t2.csv
1,614,3,band1_p614_PG1201_BereitstellungvonVerkehrsflachenund_anlagen_Investitionsmassnahmen_t3.csv
1,615,0,band1_p615_PG1201_BereitstellungvonVerkehrsflachenund_anlagen_Investitionsmassnahmen_t0.csv
1,615,1,band1_p615_PG1201_BereitstellungvonVerkehrsflachenund_anlagen_Investitionsmassnahmen_t1.csv
1,615,2,band1_p615_PG1201_BereitstellungvonVerkehrsflachenund_anlagen_Investitionsmassnahmen_t2.csv
1,615,3,band1_p615_PG1201_BereitstellungvonVerkehrsflachenund_anlagen_Investitionsmassnahmen_t3.csv
1,616,0,band1_p616_PG1201_BereitstellungvonVerkehrsflachenund_anlagen_Investitionsmassnahmen_t0.csv
1,616,1,band1_p616_PG1201_BereitstellungvonVerkehrsflachenund_anlagen_Investitionsmassnahmen_t1.csv
1,616,2,band1_p616_PG1201_BereitstellungvonVerkehrsflachenund_anlagen_Investitionsmassnahmen_t2.csv
1,616,3,band1_p616_PG1201_BereitstellungvonVerkehrsflachenund_anlagen_Investitionsmassnahmen_t3.csv
1,617,0,band1_p617_PG1201_BereitstellungvonVerkehrsflachenund_anlagen_Investitionsmassnahmen_t0.csv
1,617,1,band1_p617_PG1201_BereitstellungvonVerkehrsflachenund_anlagen_Investitionsmassnahmen_t1.csv
1,617,2,band1_p617_PG1201_BereitstellungvonVerkehrsflachenund_anlagen_Investitionsmassnahmen_t2.csv
1,617,3,band1_p617_PG1201_BereitstellungvonVerkehrsflachenund_anlagen_Investitionsmassnahmen_t3.csv
1,618,0,band1_p618_PG1201_BereitstellungvonVerkehrsflachenund_anlagen_Investitionsmassnahmen_t0.csv
1,618,1,band1_p618_PG1201_BereitstellungvonVerkehrsflachenund_anlagen_Investitionsmassnahmen_t1.csv
1,618,2,band1_p618_PG1201_BereitstellungvonVerkehrsflachenund_anlagen_Investitionsmassnahmen_t2.csv
1,618,3,band1_p618_PG1201_BereitstellungvonVerkehrsflachenund_anlagen_Investitionsmassnahmen_t3.csv
1,619,0,band1_p619_PG1201_BereitstellungvonVerkehrsflachenund_anlagen_Investitionsmassnahmen_t0.csv
1,619,1,band1_p619_PG1201_BereitstellungvonVerkehrsflachenund_anlagen_Investitionsmassnahmen_t1.csv
1,619,2,band1_p619_PG1201_BereitstellungvonVerkehrsflachenund_anlagen_Investitionsmassnahmen_t2.csv
1,619,3,band1_p619_PG1201_BereitstellungvonVerkehrsflachenund_anlagen_Investitionsmassnahmen_t3.csv
1,620,0,band1_p620_PG1201_BereitstellungvonVerkehrsflachenund_anlagen_Investitionsmassnahmen_t0.csv
1,620,1,band1_p620_PG1201_BereitstellungvonVerkehrsflachenund_anlagen_Investitionsmassnahmen_t1.csv
1,620,2,band1_p620_PG1201_BereitstellungvonVerkehrsflachenund_anlagen_Investitionsmassnahmen_t2.csv
1,620,3,band1_p620_PG1201_BereitstellungvonVerkehrsflachenund_anlagen_Investitionsmassnahmen_t3.csv
1,621,0,band1_p621_PG1201_BereitstellungvonVerkehrsflachenund_anlagen_Investitionsmassnahmen_t0.csv
1,621,1,band1_p621_PG1201_BereitstellungvonVerkehrsflachenund_anlagen_Investitionsmassnahmen_t1.csv
1,621,2,band1_p621_PG1201_BereitstellungvonVerkehrsflachenund_anlagen_Investitionsmassnahmen_t2.csv
1,621,3,band1_p621_PG1201_BereitstellungvonVerkehrsflachenund_anlagen_Investitionsmassnahmen_t3.csv
1,621,4,band1_p621_PG1201_BereitstellungvonVerkehrsflachenund_anlagen_Investitionsmassnahmen_t4.csv
1,622,0,band1_p622_PG1201_BereitstellungvonVerkehrsflachenund_anlagen_Investitionsmassnahmen_t0.csv
1,622,1,band1_p622_PG1201_BereitstellungvonVerkehrsflachenund_anlagen_Investitionsmassnahmen_t1.csv
1,622,2,band1_p622_PG1201_BereitstellungvonVerkehrsflachenund_anlagen_Investitionsmassnahmen_t2.csv
1,622,3,band1_p622_PG1201_BereitstellungvonVerkehrsflachenund_anlagen_Investitionsmassnahmen_t3.csv
1,622,4,band1_p622_PG1201_BereitstellungvonVerkehrsflachenund_anlagen_Investitionsmassnahmen_t4.csv
1,623,0,band1_p623_PG1201_BereitstellungvonVerkehrsflachenund_anlagen_Investitionsmassnahmen_t0.csv
1,623,1,band1_p623_PG1201_BereitstellungvonVerkehrsflachenund_anlagen_Investitionsmassnahmen_t1.csv
1,623,2,band1_p623_PG1201_BereitstellungvonVerkehrsflachenund_anlagen_Investitionsmassnahmen_t2.csv
1,623,3,band1_p623_PG1201_BereitstellungvonVerkehrsflachenund_anlagen_Investitionsmassnahmen_t3.csv
1,624,0,band1_p624_PG1201_BereitstellungvonVerkehrsflachenund_anlagen_Investitionsmassnahmen_t0.csv
1,624,1,band1_p624_PG1201_BereitstellungvonVerkehrsflachenund_anlagen_Investitionsmassnahmen_t1.csv
1,624,2,band1_p624_PG1201_BereitstellungvonVerkehrsflachenund_anlagen_Investitionsmassnahmen_t2.csv
1,624,3,band1_p624_PG1201_BereitstellungvonVerkehrsflachenund_anlagen_Investitionsmassnahmen_t3.csv
1,625,0,band1_p625_PG1201_BereitstellungvonVerkehrsflachenund_anlagen_Investitionsmassnahmen_t0.csv
1,625,1,band1_p625_PG1201_BereitstellungvonVerkehrsflachenund_anlagen_Investitionsmassnahmen_t1.csv
1,625,2,band1_p625_PG1201_BereitstellungvonVerkehrsflachenund_anlagen_Investitionsmassnahmen_t2.csv
1,625,3,band1_p625_PG1201_BereitstellungvonVerkehrsflachenund_anlagen_Investitionsmassnahmen_t3.csv
1,625,4,band1_p625_PG1201_BereitstellungvonVerkehrsflachenund_anlagen_Investitionsmassnahmen_t4.csv
1,626,0,band1_p626_PG1201_BereitstellungvonVerkehrsflachenund_anlagen_Investitionsmassnahmen_t0.csv
1,626,1,band1_p626_PG1201_BereitstellungvonVerkehrsflachenund_anlagen_Investitionsmassnahmen_t1.csv
1,626,2,band1_p626_PG1201_BereitstellungvonVerkehrsflachenund_anlagen_Investitionsmassnahmen_t2.csv
1,626,3,band1_p626_PG1201_BereitstellungvonVerkehrsflachenund_anlagen_Investitionsmassnahmen_t3.csv
1,626,4,band1_p626_PG1201_BereitstellungvonVerkehrsflachenund_anlagen_Investitionsmassnahmen_t4.csv
1,627,0,band1_p627_PG1201_BereitstellungvonVerkehrsflachenund_anlagen_Investitionsmassnahmen_t0.csv
1,627,1,band1_p627_PG1201_BereitstellungvonVerkehrsflachenund_anlagen_Investitionsmassnahmen_t1.csv
1,627,2,band1_p627_PG1201_BereitstellungvonVerkehrsflachenund_anlagen_Investitionsmassnahmen_t2.csv
1,627,3,band1_p627_PG1201_BereitstellungvonVerkehrsflachenund_anlagen_Investitionsmassnahmen_t3.csv
1,628,0,band1_p628_PG1201_BereitstellungvonVerkehrsflachenund_anlagen_Investitionsmassnahmen_t0.csv
1,628,1,band1_p628_PG1201_BereitstellungvonVerkehrsflachenund_anlagen_Investitionsmassnahmen_t1.csv
1,628,2,band1_p628_PG1201_BereitstellungvonVerkehrsflachenund_anlagen_Investitionsmassnahmen_t2.csv
1,629,0,band1_p629_PG1201_BereitstellungvonVerkehrsflachenund_anlagen_Investitionsmassnahmen_t0.csv
1,629,1,band1_p629_PG1201_BereitstellungvonVerkehrsflachenund_anlagen_Investitionsmassnahmen_t1.csv
1,629,2,band1_p629_PG1201_BereitstellungvonVerkehrsflachenund_anlagen_Investitionsmassnahmen_t2.csv
1,629,3,band1_p629_PG1201_BereitstellungvonVerkehrsflachenund_anlagen_Investitionsmassnahmen_t3.csv
1,629,4,band1_p629_PG1201_BereitstellungvonVerkehrsflachenund_anlagen_Investitionsmassnahmen_t4.csv
1,630,0,band1_p630_PG1201_BereitstellungvonVerkehrsflachenund_anlagen_Investitionsmassnahmen_t0.csv
1,630,1,band1_p630_PG1201_BereitstellungvonVerkehrsflachenund_anlagen_Investitionsmassnahmen_t1.csv
1,630,2,band1_p630_PG1201_BereitstellungvonVerkehrsflachenund_anlagen_Investitionsmassnahmen_t2.csv
1,630,3,band1_p630_PG1201_BereitstellungvonVerkehrsflachenund_anlagen_Investitionsmassnahmen_t3.csv
1,631,0,band1_p631_PG1201_BereitstellungvonVerkehrsflachenund_anlagen_Investitionsmassnahmen_t0.csv
1,631,1,band1_p631_PG1201_BereitstellungvonVerkehrsflachenund_anlagen_Investitionsmassnahmen_t1.csv
1,631,2,band1_p631_PG1201_BereitstellungvonVerkehrsflachenund_anlagen_Investitionsmassnahmen_t2.csv
1,631,3,band1_p631_PG1201_BereitstellungvonVerkehrsflachenund_anlagen_Investitionsmassnahmen_t3.csv
1,631,4,band1_p631_PG1201_BereitstellungvonVerkehrsflachenund_anlagen_Investitionsmassnahmen_t4.csv
1,631,5,band1_p631_PG1201_BereitstellungvonVerkehrsflachenund_anlagen_Investitionsmassnahmen_t5.csv
1,633,0,band1_p633_PG1304_FliessendeGewasser_Investitionsmassnahmen_t0.csv
1,633,1,band1_p633_PG1304_FliessendeGewasser_Investitionsmassnahmen_t1.csv
1,633,2,band1_p633_PG1304_FliessendeGewasser_Investitionsmassnahmen_t2.csv
1,633,3,band1_p633_PG1304_FliessendeGewasser_Investitionsmassnahmen_t3.csv
1,633,4,band1_p633_PG1304_FliessendeGewasser_Investitionsmassnahmen_t4.csv
1,633,5,band1_p633_PG1304_FliessendeGewasser_Investitionsmassnahmen_t5.csv
1,636,0,band1_p636_PG0301_LeistungenfurSchulen_Investitionsmassnahmen_t0.csv
1,636,1,band1_p636_PG0301_LeistungenfurSchulen_Investitionsmassnahmen_t1.csv
1,636,2,band1_p636_PG0301_LeistungenfurSchulen_Investitionsmassnahmen_t2.csv
1,636,3,band1_p636_PG0301_LeistungenfurSchulen_Investitionsmassnahmen_t3.csv
1,637,0,band1_p637_PG0301_LeistungenfurSchulen_Investitionsmassnahmen_t0.csv
1,637,1,band1_p637_PG0301_LeistungenfurSchulen_Investitionsmassnahmen_t1.csv
1,637,2,band1_p637_PG0301_LeistungenfurSchulen_Investitionsmassnahmen_t2.csv
1,637,3,band1_p637_PG0301_LeistungenfurSchulen_Investitionsmassnahmen_t3.csv
1,638,0,band1_p638_PG0301_LeistungenfurSchulen_Investitionsmassnahmen_t0.csv
1,638,1,band1_p638_PG0301_LeistungenfurSchulen_Investitionsmassnahmen_t1.csv
1,638,2,band1_p638_PG0301_LeistungenfurSchulen_Investitionsmassnahmen_t2.csv
1,638,3,band1_p638_PG0301_LeistungenfurSchulen_Investitionsmassnahmen_t3.csv
1,638,4,band1_p638_PG0301_LeistungenfurSchulen_Investitionsmassnahmen_t4.csv
1,639,0,band1_p639_PG0301_LeistungenfurSchulen_Investitionsmassnahmen_t0.csv
1,639,1,band1_p639_PG0301_LeistungenfurSchulen_Investitionsmassnahmen_t1.csv
1,639,2,band1_p639_PG0301_LeistungenfurSchulen_Investitionsmassnahmen_t2.csv
1,639,3,band1_p639_PG0301_LeistungenfurSchulen_Investitionsmassnahmen_t3.csv
1,640,0,band1_p640_PG0301_LeistungenfurSchulen_Investitionsmassnahmen_t0.csv
1,640,1,band1_p640_PG0301_LeistungenfurSchulen_Investitionsmassnahmen_t1.csv
1,640,2,band1_p640_PG0301_LeistungenfurSchulen_Investitionsmassnahmen_t2.csv
1,641,0,band1_p641_PG0301_LeistungenfurSchulen_Investitionsmassnahmen_t0.csv
1,641,1,band1_p641_PG0301_LeistungenfurSchulen_Investitionsmassnahmen_t1.csv
1,641,2,band1_p641_PG0301_LeistungenfurSchulen_Investitionsmassnahmen_t2.csv
1,642,0,band1_p642_PG0301_LeistungenfurSchulen_Investitionsmassnahmen_t0.csv
1,642,1,band1_p642_PG0301_LeistungenfurSchulen_Investitionsmassnahmen_t1.csv
1,642,2,band1_p642_PG0301_LeistungenfurSchulen_Investitionsmassnahmen_t2.csv
1,642,3,band1_p642_PG0301_LeistungenfurSchulen_Investitionsmassnahmen_t3.csv
1,643,0,band1_p643_PG0301_LeistungenfurSchulen_Investitionsmassnahmen_t0.csv
1,643,1,band1_p643_PG0301_LeistungenfurSchulen_Investitionsmassnahmen_t1.csv
1,643,2,band1_p643_PG0301_LeistungenfurSchulen_Investitionsmassnahmen_t2.csv
1,643,3,band1_p643_PG0301_LeistungenfurSchulen_Investitionsmassnahmen_t3.csv
1,644,0,band1_p644_PG0301_LeistungenfurSchulen_Investitionsmassnahmen_t0.csv
1,644,1,band1_p644_PG0301_LeistungenfurSchulen_Investitionsmassnahmen_t1.csv
1,644,2,band1_p644_PG0301_LeistungenfurSchulen_Investitionsmassnahmen_t2.csv
1,644,3,band1_p644_PG0301_LeistungenfurSchulen_Investitionsmassnahmen_t3.csv
1,645,0,band1_p645_PG0301_LeistungenfurSchulen_Investitionsmassnahmen_t0.csv
1,645,1,band1_p645_PG0301_LeistungenfurSchulen_Investitionsmassnahmen_t1.csv
1,645,2,band1_p645_PG0301_LeistungenfurSchulen_Investitionsmassnahmen_t2.csv
1,645,3,band1_p645_PG0301_LeistungenfurSchulen_Investitionsmassnahmen_t3.csv
1,645,4,band1_p645_PG0301_LeistungenfurSchulen_Investitionsmassnahmen_t4.csv
1,646,0,band1_p646_PG0301_LeistungenfurSchulen_Investitionsmassnahmen_t0.csv
1,646,1,band1_p646_PG0301_LeistungenfurSchulen_Investitionsmassnahmen_t1.csv
1,646,2,band1_p646_PG0301_LeistungenfurSchulen_Investitionsmassnahmen_t2.csv
1,646,3,band1_p646_PG0301_LeistungenfurSchulen_Investitionsmassnahmen_t3.csv
1,647,0,band1_p647_PG0301_LeistungenfurSchulen_Investitionsmassnahmen_t0.csv
1,647,1,band1_p647_PG0301_LeistungenfurSchulen_Investitionsmassnahmen_t1.csv
1,647,2,band1_p647_PG0301_LeistungenfurSchulen_Investitionsmassnahmen_t2.csv
1,647,3,band1_p647_PG0301_LeistungenfurSchulen_Investitionsmassnahmen_t3.csv
1,648,0,band1_p648_PG0301_LeistungenfurSchulen_Investitionsmassnahmen_t0.csv
1,648,1,band1_p648_PG0301_LeistungenfurSchulen_Investitionsmassnahmen_t1.csv
1,648,2,band1_p648_PG0301_LeistungenfurSchulen_Investitionsmassnahmen_t2.csv
1,648,3,band1_p648_PG0301_LeistungenfurSchulen_Investitionsmassnahmen_t3.csv
1,649,0,band1_p649_PG0301_LeistungenfurSchulen_Investitionsmassnahmen_t0.csv
1,649,1,band1_p649_PG0301_LeistungenfurSchulen_Investitionsmassnahmen_t1.csv
1,649,2,band1_p649_PG0301_LeistungenfurSchulen_Investitionsmassnahmen_t2.csv
1,649,3,band1_p649_PG0301_LeistungenfurSchulen_Investitionsmassnahmen_t3.csv
1,650,0,band1_p650_PG0301_LeistungenfurSchulen_Investitionsmassnahmen_t0.csv
1,650,1,band1_p650_PG0301_LeistungenfurSchulen_Investitionsmassnahmen_t1.csv
1,650,2,band1_p650_PG0301_LeistungenfurSchulen_Investitionsmassnahmen_t2.csv
1,650,3,band1_p650_PG0301_LeistungenfurSchulen_Investitionsmassnahmen_t3.csv
1,651,0,band1_p651_PG0301_LeistungenfurSchulen_Investitionsmassnahmen_t0.csv
1,651,1,band1_p651_PG0301_LeistungenfurSchulen_Investitionsmassnahmen_t1.csv
1,651,2,band1_p651_PG0301_LeistungenfurSchulen_Investitionsmassnahmen_t2.csv
1,652,0,band1_p652_PG0301_LeistungenfurSchulen_Investitionsmassnahmen_t0.csv
1,652,1,band1_p652_PG0301_LeistungenfurSchulen_Investitionsmassnahmen_t1.csv
1,652,2,band1_p652_PG0301_LeistungenfurSchulen_Investitionsmassnahmen_t2.csv
1,653,0,band1_p653_PG0301_LeistungenfurSchulen_Investitionsmassnahmen_t0.csv
1,653,1,band1_p653_PG0301_LeistungenfurSchulen_Investitionsmassnahmen_t1.csv
1,653,2,band1_p653_PG0301_LeistungenfurSchulen_Investitionsmassnahmen_t2.csv
1,654,0,band1_p654_PG0301_LeistungenfurSchulen_Investitionsmassnahmen_t0.csv
1,654,1,band1_p654_PG0301_LeistungenfurSchulen_Investitionsmassnahmen_t1.csv
1,654,2,band1_p654_PG0301_LeistungenfurSchulen_Investitionsmassnahmen_t2.csv
1,654,3,band1_p654_PG0301_LeistungenfurSchulen_Investitionsmassnahmen_t3.csv
1,655,0,band1_p655_PG0301_LeistungenfurSchulen_Investitionsmassnahmen_t0.csv
1,655,1,band1_p655_PG0301_LeistungenfurSchulen_Investitionsmassnahmen_t1.csv
1,655,2,band1_p655_PG0301_LeistungenfurSchulen_Investitionsmassnahmen_t2.csv
1,655,3,band1_p655_PG0301_LeistungenfurSchulen_Investitionsmassnahmen_t3.csv
1,655,4,band1_p655_PG0301_LeistungenfurSchulen_Investitionsmassnahmen_t4.csv
1,656,0,band1_p656_PG0301_LeistungenfurSchulen_Investitionsmassnahmen_t0.csv
1,656,1,band1_p656_PG0301_LeistungenfurSchulen_Investitionsmassnahmen_t1.csv
1,657,0,band1_p657_PG0302_ZentraleLeistungenfuramSchullebenBeteiligte_Investitionsmassnahmen_t0.csv
1,657,1,band1_p657_PG0302_ZentraleLeistungenfuramSchullebenBeteiligte_Investitionsmassnahmen_t1.csv
1,657,2,band1_p657_PG0302_ZentraleLeistungenfuramSchullebenBeteiligte_Investitionsmassnahmen_t2.csv
1,657,3,band1_p657_PG0302_ZentraleLeistungenfuramSchullebenBeteiligte_Investitionsmassnahmen_t3.csv
1,658,0,band1_p658_PG0402_Volkshochschule_Investitionsmassnahmen_t0.csv
1,658,1,band1_p658_PG0402_Volkshochschule_Investitionsmassnahmen_t1.csv
1,658,2,band1_p658_PG0402_Volkshochschule_Investitionsmassnahmen_t2.csv
1,658,3,band1_p658_PG0402_Volkshochschule_Investitionsmassnahmen_t3.csv
1,659,0,band1_p659_PG0601_ForderungvonKinderninTagesbetreuung_Investitionsmassnahmen_t0.csv
1,659,1,band1_p659_PG0601_ForderungvonKinderninTagesbetreuung_Investitionsmassnahmen_t1.csv
1,659,2,band1_p659_PG0601_ForderungvonKinderninTagesbetreuung_Investitionsmassnahmen_t2.csv
1,659,3,band1_p659_PG0601_ForderungvonKinderninTagesbetreuung_Investitionsmassnahmen_t3.csv
1,660,0,band1_p660_PG0601_ForderungvonKinderninTagesbetreuung_Investitionsmassnahmen_t0.csv
1,660,1,band1_p660_PG0601_ForderungvonKinderninTagesbetreuung_Investitionsmassnahmen_t1.csv
1,660,2,band1_p660_PG0601_ForderungvonKinderninTagesbetreuung_Investitionsmassnahmen_t2.csv
1,660,3,band1_p660_PG0601_ForderungvonKinderninTagesbetreuung_Investitionsmassnahmen_t3.csv
1,661,0,band1_p661_PG0601_ForderungvonKinderninTagesbetreuung_Investitionsmassnahmen_t0.csv
1,661,1,band1_p661_PG0601_ForderungvonKinderninTagesbetreuung_Investitionsmassnahmen_t1.csv
1,661,2,band1_p661_PG0601_ForderungvonKinderninTagesbetreuung_Investitionsmassnahmen_t2.csv
1,661,3,band1_p661_PG0601_ForderungvonKinderninTagesbetreuung_Investitionsmassnahmen_t3.csv
1,662,0,band1_p662_PG0601_ForderungvonKinderninTagesbetreuung_Investitionsmassnahmen_t0.csv
1,662,1,band1_p662_PG0601_ForderungvonKinderninTagesbetreuung_Investitionsmassnahmen_t1.csv
1,662,2,band1_p662_PG0601_ForderungvonKinderninTagesbetreuung_Investitionsmassnahmen_t2.csv
1,662,3,band1_p662_PG0601_ForderungvonKinderninTagesbetreuung_Investitionsmassnahmen_t3.csv
1,662,4,band1_p662_PG0601_ForderungvonKinderninTagesbetreuung_Investitionsmassnahmen_t4.csv
1,663,0,band1_p663_PG0601_ForderungvonKinderninTagesbetreuung_Investitionsmassnahmen_t0.csv
1,663,1,band1_p663_PG0601_ForderungvonKinderninTagesbetreuung_Investitionsmassnahmen_t1.csv
1,663,2,band1_p663_PG0601_ForderungvonKinderninTagesbetreuung_Investitionsmassnahmen_t2.csv
1,663,3,band1_p663_PG0601_ForderungvonKinderninTagesbetreuung_Investitionsmassnahmen_t3.csv
1,663,4,band1_p663_PG0601_ForderungvonKinderninTagesbetreuung_Investitionsmassnahmen_t4.csv
1,663,5,band1_p663_PG0601_ForderungvonKinderninTagesbetreuung_Investitionsmassnahmen_t5.csv
1,664,0,band1_p664_PG0601_ForderungvonKinderninTagesbetreuung_Investitionsmassnahmen_t0.csv
1,664,1,band1_p664_PG0601_ForderungvonKinderninTagesbetreuung_Investitionsmassnahmen_t1.csv
1,664,2,band1_p664_PG0601_ForderungvonKinderninTagesbetreuung_Investitionsmassnahmen_t2.csv
1,664,3,band1_p664_PG0601_ForderungvonKinderninTagesbetreuung_Investitionsmassnahmen_t3.csv
1,665,0,band1_p665_PG0602_Kinder_undJugendarbeit_Investitionsmassnahmen_t0.csv
1,665,1,band1_p665_PG0602_Kinder_undJugendarbeit_Investitionsmassnahmen_t1.csv
1,665,2,band1_p665_PG0602_Kinder_undJugendarbeit_Investitionsmassnahmen_t2.csv
1,665,3,band1_p665_PG0602_Kinder_undJugendarbeit_Investitionsmassnahmen_t3.csv
1,665,4,band1_p665_PG0602_Kinder_undJugendarbeit_Investitionsmassnahmen_t4.csv
1,666,0,band1_p666_PG0603_ForderungvonbenachteiligtenjungenMenschen_Investitionsmassnahmen_t0.csv
1,666,1,band1_p666_PG0603_ForderungvonbenachteiligtenjungenMenschen_Investitionsmassnahmen_t1.csv
1,666,2,band1_p666_PG0603_ForderungvonbenachteiligtenjungenMenschen_Investitionsmassnahmen_t2.csv
1,666,3,band1_p666_PG0603_ForderungvonbenachteiligtenjungenMenschen_Investitionsmassnahmen_t3.csv
1,667,0,band1_p667_PG0604_Familienforderung_Investitionsmassnahmen_t0.csv
1,667,1,band1_p667_PG0604_Familienforderung_Investitionsmassnahmen_t1.csv
1,667,2,band1_p667_PG0604_Familienforderung_Investitionsmassnahmen_t2.csv
1,667,3,band1_p667_PG0604_Familienforderung_Investitionsmassnahmen_t3.csv
1,668,0,band1_p668_PG0605_ErzieherischeundwirtschaftlicheHilfenfurFamilien_Investitionsmassnahmen_t0.csv
1,668,1,band1_p668_PG0605_ErzieherischeundwirtschaftlicheHilfenfurFamilien_Investitionsmassnahmen_t1.csv
1,668,2,band1_p668_PG0605_ErzieherischeundwirtschaftlicheHilfenfurFamilien_Investitionsmassnahmen_t2.csv
1,668,3,band1_p668_PG0605_ErzieherischeundwirtschaftlicheHilfenfurFamilien_Investitionsmassnahmen_t3.csv
1,669,0,band1_p669_PG0801_Sportinfrastruktur_Sportforderung_Sportveranstaltungen_Investitionsmassnahmen_t0.csv
1,669,1,band1_p669_PG0801_Sportinfrastruktur_Sportforderung_Sportveranstaltungen_Investitionsmassnahmen_t1.csv
1,669,2,band1_p669_PG0801_Sportinfrastruktur_Sportforderung_Sportveranstaltungen_Investitionsmassnahmen_t2.csv
1,670,0,band1_p670_PG0801_Sportinfrastruktur_Sportforderung_Sportveranstaltungen_Investitionsmassnahmen_t0.csv
1,670,1,band1_p670_PG0801_Sportinfrastruktur_Sportforderung_Sportveranstaltungen_Investitionsmassnahmen_t1.csv
1,670,2,band1_p670_PG0801_Sportinfrastruktur_Sportforderung_Sportveranstaltungen_Investitionsmassnahmen_t2.csv
1,671,0,band1_p671_PG0801_Sportinfrastruktur_Sportforderung_Sportveranstaltungen_Investitionsmassnahmen_t0.csv
1,671,1,band1_p671_PG0801_Sportinfrastruktur_Sportforderung_Sportveranstaltungen_Investitionsmassnahmen_t1.csv
1,671,2,band1_p671_PG0801_Sportinfrastruktur_Sportforderung_Sportveranstaltungen_Investitionsmassnahmen_t2.csv
1,671,3,band1_p671_PG0801_Sportinfrastruktur_Sportforderung_Sportveranstaltungen_Investitionsmassnahmen_t3.csv
1,672,0,band1_p672_PG0801_Sportinfrastruktur_Sportforderung_Sportveranstaltungen_Investitionsmassnahmen_t0.csv
1,672,1,band1_p672_PG0801_Sportinfrastruktur_Sportforderung_Sportveranstaltungen_Investitionsmassnahmen_t1.csv
1,672,2,band1_p672_PG0801_Sportinfrastruktur_Sportforderung_Sportveranstaltungen_Investitionsmassnahmen_t2.csv
1,672,3,band1_p672_PG0801_Sportinfrastruktur_Sportforderung_Sportveranstaltungen_Investitionsmassnahmen_t3.csv
1,673,0,band1_p673_PG0801_Sportinfrastruktur_Sportforderung_Sportveranstaltungen_Investitionsmassnahmen_t0.csv
1,673,1,band1_p673_PG0801_Sportinfrastruktur_Sportforderung_Sportveranstaltungen_Investitionsmassnahmen_t1.csv
1,673,2,band1_p673_PG0801_Sportinfrastruktur_Sportforderung_Sportveranstaltungen_Investitionsmassnahmen_t2.csv
1,673,3,band1_p673_PG0801_Sportinfrastruktur_Sportforderung_Sportveranstaltungen_Investitionsmassnahmen_t3.csv
1,673,4,band1_p673_PG0801_Sportinfrastruktur_Sportforderung_Sportveranstaltungen_Investitionsmassnahmen_t4.csv
1,674,0,band1_p674_PG0801_Sportinfrastruktur_Sportforderung_Sportveranstaltungen_Investitionsmassnahmen_t0.csv
1,674,1,band1_p674_PG0801_Sportinfrastruktur_Sportforderung_Sportveranstaltungen_Investitionsmassnahmen_t1.csv
1,674,2,band1_p674_PG0801_Sportinfrastruktur_Sportforderung_Sportveranstaltungen_Investitionsmassnahmen_t2.csv
1,674,3,band1_p674_PG0801_Sportinfrastruktur_Sportforderung_Sportveranstaltungen_Investitionsmassnahmen_t3.csv
1,674,4,band1_p674_PG0801_Sportinfrastruktur_Sportforderung_Sportveranstaltungen_Investitionsmassnahmen_t4.csv
1,675,0,band1_p675_PG0801_Sportinfrastruktur_Sportforderung_Sportveranstaltungen_Investitionsmassnahmen_t0.csv
1,675,1,band1_p675_PG0801_Sportinfrastruktur_Sportforderung_Sportveranstaltungen_Investitionsmassnahmen_t1.csv
1,675,2,band1_p675_PG0801_Sportinfrastruktur_Sportforderung_Sportveranstaltungen_Investitionsmassnahmen_t2.csv
1,675,3,band1_p675_PG0801_Sportinfrastruktur_Sportforderung_Sportveranstaltungen_Investitionsmassnahmen_t3.csv
1,675,4,band1_p675_PG0801_Sportinfrastruktur_Sportforderung_Sportveranstaltungen_Investitionsmassnahmen_t4.csv
1,675,5,band1_p675_PG0801_Sportinfrastruktur_Sportforderung_Sportveranstaltungen_Investitionsmassnahmen_t5.csv
1,675,6,band1_p675_PG0801_Sportinfrastruktur_Sportforderung_Sportveranstaltungen_Investitionsmassnahmen_t6.csv
1,676,0,band1_p676_PG0802_Bader_Investitionsmassnahmen_t0.csv
1,676,1,band1_p676_PG0802_Bader_Investitionsmassnahmen_t1.csv
1,676,2,band1_p676_PG0802_Bader_Investitionsmassnahmen_t2.csv
1,676,3,band1_p676_PG0802_Bader_Investitionsmassnahmen_t3.csv
1,677,0,band1_p677_PG0802_Bader_Investitionsmassnahmen_t0.csv
1,677,1,band1_p677_PG0802_Bader_Investitionsmassnahmen_t1.csv
1,677,2,band1_p677_PG0802_Bader_Investitionsmassnahmen_t2.csv
1,677,3,band1_p677_PG0802_Bader_Investitionsmassnahmen_t3.csv
1,678,0,band1_p678_PG0802_Bader_Investitionsmassnahmen_t0.csv
1,678,1,band1_p678_PG0802_Bader_Investitionsmassnahmen_t1.csv
1,678,2,band1_p678_PG0802_Bader_Investitionsmassnahmen_t2.csv
1,678,3,band1_p678_PG0802_Bader_Investitionsmassnahmen_t3.csv
1,680,0,band1_p680_PG0401_Kulturmanagement_Kulturforderung_Investitionsmassnahmen_t0.csv
1,680,1,band1_p680_PG0401_Kulturmanagement_Kulturforderung_Investitionsmassnahmen_t1.csv
1,680,2,band1_p680_PG0401_Kulturmanagement_Kulturforderung_Investitionsmassnahmen_t2.csv
1,680,3,band1_p680_PG0401_Kulturmanagement_Kulturforderung_Investitionsmassnahmen_t3.csv
1,680,4,band1_p680_PG0401_Kulturmanagement_Kulturforderung_Investitionsmassnahmen_t4.csv
1,681,0,band1_p681_PG0404_StadtbuchereiundForderungvonBuchereienfreierTrager_Investitionsmassnahmen_t0.csv
1,681,1,band1_p681_PG0404_StadtbuchereiundForderungvonBuchereienfreierTrager_Investitionsmassnahmen_t1.csv
1,681,2,band1_p681_PG0404_StadtbuchereiundForderungvonBuchereienfreierTrager_Investitionsmassnahmen_t2.csv
1,681,3,band1_p681_PG0404_StadtbuchereiundForderungvonBuchereienfreierTrager_Investitionsmassnahmen_t3.csv
1,681,4,band1_p681_PG0404_StadtbuchereiundForderungvonBuchereienfreierTrager_Investitionsmassnahmen_t4.csv
1,681,5,band1_p681_PG0404_StadtbuchereiundForderungvonBuchereienfreierTrager_Investitionsmassnahmen_t5.csv
1,682,0,band1_p682_PG0403_Westf_SchulefurMusikundForderungderStadtteilmusikschulen_Investitionsmassnahmen_t0.csv
1,682,1,band1_p682_PG0403_Westf_SchulefurMusikundForderungderStadtteilmusikschulen_Investitionsmassnahmen_t1.csv
1,682,2,band1_p682_PG0403_Westf_SchulefurMusikundForderungderStadtteilmusikschulen_Investitionsmassnahmen_t2.csv
1,682,3,band1_p682_PG0403_Westf_SchulefurMusikundForderungderStadtteilmusikschulen_Investitionsmassnahmen_t3.csv
1,682,4,band1_p682_PG0403_Westf_SchulefurMusikundForderungderStadtteilmusikschulen_Investitionsmassnahmen_t4.csv
1,682,5,band1_p682_PG0403_Westf_SchulefurMusikundForderungderStadtteilmusikschulen_Investitionsmassnahmen_t5.csv
1,683,0,band1_p683_PG0405_Stadtmuseum_Investitionsmassnahmen_t0.csv
1,683,1,band1_p683_PG0405_Stadtmuseum_Investitionsmassnahmen_t1.csv
1,683,2,band1_p683_PG0405_Stadtmuseum_Investitionsmassnahmen_t2.csv
1,683,3,band1_p683_PG0405_Stadtmuseum_Investitionsmassnahmen_t3.csv
1,684,0,band1_p684_PG0405_Stadtmuseum_Investitionsmassnahmen_t0.csv
1,684,1,band1_p684_PG0405_Stadtmuseum_Investitionsmassnahmen_t1.csv
1,684,2,band1_p684_PG0405_Stadtmuseum_Investitionsmassnahmen_t2.csv
1,684,3,band1_p684_PG0405_Stadtmuseum_Investitionsmassnahmen_t3.csv
1,685,0,band1_p685_PG0406_Stadtarchiv_Investitionsmassnahmen_t0.csv
1,685,1,band1_p685_PG0406_Stadtarchiv_Investitionsmassnahmen_t1.csv
1,685,2,band1_p685_PG0406_Stadtarchiv_Investitionsmassnahmen_t2.csv
1,685,3,band1_p685_PG0406_Stadtarchiv_Investitionsmassnahmen_t3.csv
1,686,0,band1_p686_PG0502_SicherungdesLebensunterhalts_Investitionsmassnahmen_t0.csv
1,686,1,band1_p686_PG0502_SicherungdesLebensunterhalts_Investitionsmassnahmen_t1.csv
1,686,2,band1_p686_PG0502_SicherungdesLebensunterhalts_Investitionsmassnahmen_t2.csv
1,686,3,band1_p686_PG0502_SicherungdesLebensunterhalts_Investitionsmassnahmen_t3.csv
1,686,4,band1_p686_PG0502_SicherungdesLebensunterhalts_Investitionsmassnahmen_t4.csv
1,687,0,band1_p687_PG0503_SicherungbesonderersozialerBedarfe_Investitionsmassnahmen_t0.csv
1,687,1,band1_p687_PG0503_SicherungbesonderersozialerBedarfe_Investitionsmassnahmen_t1.csv
1,687,2,band1_p687_PG0503_SicherungbesonderersozialerBedarfe_Investitionsmassnahmen_t2.csv
1,687,3,band1_p687_PG0503_SicherungbesonderersozialerBedarfe_Investitionsmassnahmen_t3.csv
1,687,4,band1_p687_PG0503_SicherungbesonderersozialerBedarfe_Investitionsmassnahmen_t4.csv
1,687,5,band1_p687_PG0503_SicherungbesonderersozialerBedarfe_Investitionsmassnahmen_t5.csv
1,688,0,band1_p688_PG0211_VeterinarwesenundLebensmitteluberwachung_Investitionsmassnahmen_t0.csv
1,688,1,band1_p688_PG0211_VeterinarwesenundLebensmitteluberwachung_Investitionsmassnahmen_t1.csv
1,688,2,band1_p688_PG0211_VeterinarwesenundLebensmitteluberwachung_Investitionsmassnahmen_t2.csv
1,689,0,band1_p689_PG0701_Gesundheitsdienste_Investitionsmassnahmen_t0.csv
1,689,1,band1_p689_PG0701_Gesundheitsdienste_Investitionsmassnahmen_t1.csv
1,689,2,band1_p689_PG0701_Gesundheitsdienste_Investitionsmassnahmen_t2.csv
1,690,0,band1_p690_PG0501_LeistungenderGrundsicherungfurArbeitsuchende_Investitionsmassnahmen_t0.csv
1,690,1,band1_p690_PG0501_LeistungenderGrundsicherungfurArbeitsuchende_Investitionsmassnahmen_t1.csv
1,690,2,band1_p690_PG0501_LeistungenderGrundsicherungfurArbeitsuchende_Investitionsmassnahmen_t2.csv
1,690,3,band1_p690_PG0501_LeistungenderGrundsicherungfurArbeitsuchende_Investitionsmassnahmen_t3.csv
1,691,0,band1_p691_PG0408_GeschichtsortVillatenHompel_Investitionsmassnahmen_t0.csv
1,691,1,band1_p691_PG0408_GeschichtsortVillatenHompel_Investitionsmassnahmen_t1.csv
1,691,2,band1_p691_PG0408_GeschichtsortVillatenHompel_Investitionsmassnahmen_t2.csv
1,691,3,band1_p691_PG0408_GeschichtsortVillatenHompel_Investitionsmassnahmen_t3.csv
1,694,0,band1_p694_PG0111_Immobilienmanagement_Investitionsmassnahmen_t0.csv
1,694,1,band1_p694_PG0111_Immobilienmanagement_Investitionsmassnahmen_t1.csv
1,695,0,band1_p695_PG0111_Immobilienmanagement_Investitionsmassnahmen_t0.csv
1,695,1,band1_p695_PG0111_Immobilienmanagement_Investitionsmassnahmen_t1.csv
1,695,2,band1_p695_PG0111_Immobilienmanagement_Investitionsmassnahmen_t2.csv
1,696,0,band1_p696_PG0111_Immobilienmanagement_Investitionsmassnahmen_t0.csv
1,696,1,band1_p696_PG0111_Immobilienmanagement_Investitionsmassnahmen_t1.csv
1,696,2,band1_p696_PG0111_Immobilienmanagement_Investitionsmassnahmen_t2.csv
1,696,3,band1_p696_PG0111_Immobilienmanagement_Investitionsmassnahmen_t3.csv
1,697,0,band1_p697_PG0111_Immobilienmanagement_Investitionsmassnahmen_t0.csv
1,697,1,band1_p697_PG0111_Immobilienmanagement_Investitionsmassnahmen_t1.csv
1,697,2,band1_p697_PG0111_Immobilienmanagement_Investitionsmassnahmen_t2.csv
1,698,0,band1_p698_PG0111_Immobilienmanagement_Investitionsmassnahmen_t0.csv
1,698,1,band1_p698_PG0111_Immobilienmanagement_Investitionsmassnahmen_t1.csv
1,698,2,band1_p698_PG0111_Immobilienmanagement_Investitionsmassnahmen_t2.csv
1,698,3,band1_p698_PG0111_Immobilienmanagement_Investitionsmassnahmen_t3.csv
1,698,4,band1_p698_PG0111_Immobilienmanagement_Investitionsmassnahmen_t4.csv
1,699,0,band1_p699_PG0111_Immobilienmanagement_Investitionsmassnahmen_t0.csv
1,699,1,band1_p699_PG0111_Immobilienmanagement_Investitionsmassnahmen_t1.csv
1,699,2,band1_p699_PG0111_Immobilienmanagement_Investitionsmassnahmen_t2.csv
1,699,3,band1_p699_PG0111_Immobilienmanagement_Investitionsmassnahmen_t3.csv
1,699,4,band1_p699_PG0111_Immobilienmanagement_Investitionsmassnahmen_t4.csv
1,700,0,band1_p700_PG0111_Immobilienmanagement_Investitionsmassnahmen_t0.csv
1,700,1,band1_p700_PG0111_Immobilienmanagement_Investitionsmassnahmen_t1.csv
1,700,2,band1_p700_PG0111_Immobilienmanagement_Investitionsmassnahmen_t2.csv
1,700,3,band1_p700_PG0111_Immobilienmanagement_Investitionsmassnahmen_t3.csv
1,700,4,band1_p700_PG0111_Immobilienmanagement_Investitionsmassnahmen_t4.csv
1,702,0,band1_p702_PG1301_Grun_undFreiflachen_Investitionsmassnahmen_t0.csv
1,702,1,band1_p702_PG1301_Grun_undFreiflachen_Investitionsmassnahmen_t1.csv
1,702,2,band1_p702_PG1301_Grun_undFreiflachen_Investitionsmassnahmen_t2.csv
1,703,0,band1_p703_PG1301_Grun_undFreiflachen_Investitionsmassnahmen_t0.csv
1,703,1,band1_p703_PG1301_Grun_undFreiflachen_Investitionsmassnahmen_t1.csv
1,703,2,band1_p703_PG1301_Grun_undFreiflachen_Investitionsmassnahmen_t2.csv
1,704,0,band1_p704_PG1301_Grun_undFreiflachen_Investitionsmassnahmen_t0.csv
1,704,1,band1_p704_PG1301_Grun_undFreiflachen_Investitionsmassnahmen_t1.csv
1,704,2,band1_p704_PG1301_Grun_undFreiflachen_Investitionsmassnahmen_t2.csv
1,704,3,band1_p704_PG1301_Grun_undFreiflachen_Investitionsmassnahmen_t3.csv
1,705,0,band1_p705_PG1301_Grun_undFreiflachen_Investitionsmassnahmen_t0.csv
1,705,1,band1_p705_PG1301_Grun_undFreiflachen_Investitionsmassnahmen_t1.csv
1,705,2,band1_p705_PG1301_Grun_undFreiflachen_Investitionsmassnahmen_t2.csv
1,705,3,band1_p705_PG1301_Grun_undFreiflachen_Investitionsmassnahmen_t3.csv
1,706,0,band1_p706_PG1301_Grun_undFreiflachen_Investitionsmassnahmen_t0.csv
1,706,1,band1_p706_PG1301_Grun_undFreiflachen_Investitionsmassnahmen_t1.csv
1,706,2,band1_p706_PG1301_Grun_undFreiflachen_Investitionsmassnahmen_t2.csv
1,706,3,band1_p706_PG1301_Grun_undFreiflachen_Investitionsmassnahmen_t3.csv
1,707,0,band1_p707_PG1301_Grun_undFreiflachen_Investitionsmassnahmen_t0.csv
1,707,1,band1_p707_PG1301_Grun_undFreiflachen_Investitionsmassnahmen_t1.csv
1,707,2,band1_p707_PG1301_Grun_undFreiflachen_Investitionsmassnahmen_t2.csv
1,707,3,band1_p707_PG1301_Grun_undFreiflachen_Investitionsmassnahmen_t3.csv
1,708,0,band1_p708_PG1301_Grun_undFreiflachen_Investitionsmassnahmen_t0.csv
1,708,1,band1_p708_PG1301_Grun_undFreiflachen_Investitionsmassnahmen_t1.csv
1,708,2,band1_p708_PG1301_Grun_undFreiflachen_Investitionsmassnahmen_t2.csv
1,708,3,band1_p708_PG1301_Grun_undFreiflachen_Investitionsmassnahmen_t3.csv
1,708,4,band1_p708_PG1301_Grun_undFreiflachen_Investitionsmassnahmen_t4.csv
1,709,0,band1_p709_PG1301_Grun_undFreiflachen_Investitionsmassnahmen_t0.csv
1,709,1,band1_p709_PG1301_Grun_undFreiflachen_Investitionsmassnahmen_t1.csv
1,709,2,band1_p709_PG1301_Grun_undFreiflachen_Investitionsmassnahmen_t2.csv
1,709,3,band1_p709_PG1301_Grun_undFreiflachen_Investitionsmassnahmen_t3.csv
1,709,4,band1_p709_PG1301_Grun_undFreiflachen_Investitionsmassnahmen_t4.csv
1,710,0,band1_p710_PG1301_Grun_undFreiflachen_Investitionsmassnahmen_t0.csv
1,710,1,band1_p710_PG1301_Grun_undFreiflachen_Investitionsmassnahmen_t1.csv
1,710,2,band1_p710_PG1301_Grun_undFreiflachen_Investitionsmassnahmen_t2.csv
1,710,3,band1_p710_PG1301_Grun_undFreiflachen_Investitionsmassnahmen_t3.csv
1,711,0,band1_p711_PG1301_Grun_undFreiflachen_Investitionsmassnahmen_t0.csv
1,711,1,band1_p711_PG1301_Grun_undFreiflachen_Investitionsmassnahmen_t1.csv
1,711,2,band1_p711_PG1301_Grun_undFreiflachen_Investitionsmassnahmen_t2.csv
1,711,3,band1_p711_PG1301_Grun_undFreiflachen_Investitionsmassnahmen_t3.csv
1,712,0,band1_p712_PG1301_Grun_undFreiflachen_Investitionsmassnahmen_t0.csv
1,712,1,band1_p712_PG1301_Grun_undFreiflachen_Investitionsmassnahmen_t1.csv
1,712,2,band1_p712_PG1301_Grun_undFreiflachen_Investitionsmassnahmen_t2.csv
1,712,3,band1_p712_PG1301_Grun_undFreiflachen_Investitionsmassnahmen_t3.csv
1,713,0,band1_p713_PG1301_Grun_undFreiflachen_Investitionsmassnahmen_t0.csv
1,713,1,band1_p713_PG1301_Grun_undFreiflachen_Investitionsmassnahmen_t1.csv
1,713,2,band1_p713_PG1301_Grun_undFreiflachen_Investitionsmassnahmen_t2.csv
1,713,3,band1_p713_PG1301_Grun_undFreiflachen_Investitionsmassnahmen_t3.csv
1,713,4,band1_p713_PG1301_Grun_undFreiflachen_Investitionsmassnahmen_t4.csv
1,714,0,band1_p714_PG1301_Grun_undFreiflachen_Investitionsmassnahmen_t0.csv
1,714,1,band1_p714_PG1301_Grun_undFreiflachen_Investitionsmassnahmen_t1.csv
1,714,2,band1_p714_PG1301_Grun_undFreiflachen_Investitionsmassnahmen_t2.csv
1,714,3,band1_p714_PG1301_Grun_undFreiflachen_Investitionsmassnahmen_t3.csv
1,715,0,band1_p715_PG1301_Grun_undFreiflachen_Investitionsmassnahmen_t0.csv
1,715,1,band1_p715_PG1301_Grun_undFreiflachen_Investitionsmassnahmen_t1.csv
1,715,2,band1_p715_PG1301_Grun_undFreiflachen_Investitionsmassnahmen_t2.csv
1,715,3,band1_p715_PG1301_Grun_undFreiflachen_Investitionsmassnahmen_t3.csv
1,715,4,band1_p715_PG1301_Grun_undFreiflachen_Investitionsmassnahmen_t4.csv
1,716,0,band1_p716_PG1302_Friedhofe_Investitionsmassnahmen_t0.csv
1,716,1,band1_p716_PG1302_Friedhofe_Investitionsmassnahmen_t1.csv
1,716,2,band1_p716_PG1302_Friedhofe_Investitionsmassnahmen_t2.csv
1,716,3,band1_p716_PG1302_Friedhofe_Investitionsmassnahmen_t3.csv
1,716,4,band1_p716_PG1302_Friedhofe_Investitionsmassnahmen_t4.csv
1,717,0,band1_p717_PG1302_Friedhofe_Investitionsmassnahmen_t0.csv
1,717,1,band1_p717_PG1302_Friedhofe_Investitionsmassnahmen_t1.csv
1,718,0,band1_p718_PG1303_Natur_Landschaft_Erholung_Wasserschutz_Investitionsmassnahmen_t0.csv
1,718,1,band1_p718_PG1303_Natur_Landschaft_Erholung_Wasserschutz_Investitionsmassnahmen_t1.csv
1,718,2,band1_p718_PG1303_Natur_Landschaft_Erholung_Wasserschutz_Investitionsmassnahmen_t2.csv
1,718,3,band1_p718_PG1303_Natur_Landschaft_Erholung_Wasserschutz_Investitionsmassnahmen_t3.csv
1,719,0,band1_p719_PG1303_Natur_Landschaft_Erholung_Wasserschutz_Investitionsmassnahmen_t0.csv
1,719,1,band1_p719_PG1303_Natur_Landschaft_Erholung_Wasserschutz_Investitionsmassnahmen_t1.csv
1,719,2,band1_p719_PG1303_Natur_Landschaft_Erholung_Wasserschutz_Investitionsmassnahmen_t2.csv
1,719,3,band1_p719_PG1303_Natur_Landschaft_Erholung_Wasserschutz_Investitionsmassnahmen_t3.csv
1,719,4,band1_p719_PG1303_Natur_Landschaft_Erholung_Wasserschutz_Investitionsmassnahmen_t4.csv
1,719,5,band1_p719_PG1303_Natur_Landschaft_Erholung_Wasserschutz_Investitionsmassnahmen_t5.csv
1,720,0,band1_p720_PG1305_WaldundForstwirtschaft_Investitionsmassnahmen_t0.csv
1,720,1,band1_p720_PG1305_WaldundForstwirtschaft_Investitionsmassnahmen_t1.csv
1,720,2,band1_p720_PG1305_WaldundForstwirtschaft_Investitionsmassnahmen_t2.csv
1,720,3,band1_p720_PG1305_WaldundForstwirtschaft_Investitionsmassnahmen_t3.csv
1,721,0,band1_p721_PG1401_Ubergr_Umweltschutz_Klima_Nachhaltigkeit_Immission_Boden_Abf_Investitionsmassnahmen_t0.csv
1,721,1,band1_p721_PG1401_Ubergr_Umweltschutz_Klima_Nachhaltigkeit_Immission_Boden_Abf_Investitionsmassnahmen_t1.csv
1,721,2,band1_p721_PG1401_Ubergr_Umweltschutz_Klima_Nachhaltigkeit_Immission_Boden_Abf_Investitionsmassnahmen_t2.csv
1,721,3,band1_p721_PG1401_Ubergr_Umweltschutz_Klima_Nachhaltigkeit_Immission_Boden_Abf_Investitionsmassnahmen_t3.csv
2,1,0,band2_p001_Vorbericht_Tabelle_t0.csv
2,11,0,band2_p011_Vorbericht_Tabelle_t0.csv
2,13,0,band2_p013_Vorbericht_Produktuebersicht_t0.csv
2,14,0,band2_p014_Vorbericht_Ergebnisplan_t0.csv
2,16,0,band2_p016_Vorbericht_Tabelle_t0.csv
2,17,0,band2_p017_Vorbericht_Produktuebersicht_t0.csv
2,18,0,band2_p018_Vorbericht_Tabelle_t0.csv
2,19,0,band2_p019_Vorbericht_Ergebnisplan_t0.csv
2,20,0,band2_p020_Vorbericht_Ergebnisplan_t0.csv
2,20,1,band2_p020_Vorbericht_Ergebnisplan_t1.csv
2,21,0,band2_p021_Vorbericht_Tabelle_t0.csv
2,22,0,band2_p022_Vorbericht_Ergebnisplan_t0.csv
2,23,0,band2_p023_Vorbericht_Ergebnisplan_t0.csv
2,23,1,band2_p023_Vorbericht_Ergebnisplan_t1.csv
2,24,0,band2_p024_Vorbericht_Ergebnisplan_t0.csv
2,24,1,band2_p024_Vorbericht_Ergebnisplan_t1.csv
2,24,2,band2_p024_Vorbericht_Ergebnisplan_t2.csv
2,25,0,band2_p025_Vorbericht_Produktuebersicht_t0.csv
2,25,1,band2_p025_Vorbericht_Produktuebersicht_t1.csv
2,26,0,band2_p026_Vorbericht_Tabelle_t0.csv
2,27,0,band2_p027_Vorbericht_Tabelle_t0.csv
2,28,0,band2_p028_Vorbericht_Finanzplan_t0.csv
2,28,1,band2_p028_Vorbericht_Finanzplan_t1.csv
2,29,0,band2_p029_Vorbericht_Finanzplan_t0.csv
2,29,1,band2_p029_Vorbericht_Finanzplan_t1.csv
2,29,2,band2_p029_Vorbericht_Finanzplan_t2.csv
2,30,0,band2_p030_Vorbericht_Finanzplan_t0.csv
2,31,0,band2_p031_Vorbericht_Tabelle_t0.csv
2,32,0,band2_p032_Vorbericht_Tabelle_t0.csv
2,37,0,band2_p037_Stellenplan_Tabelle_t0.csv
2,37,1,band2_p037_Stellenplan_Tabelle_t1.csv
2,38,0,band2_p038_Stellenplan_Tabelle_t0.csv
2,38,1,band2_p038_Stellenplan_Tabelle_t1.csv
2,38,2,band2_p038_Stellenplan_Tabelle_t2.csv
2,39,0,band2_p039_Stellenplan_Tabelle_t0.csv
2,39,1,band2_p039_Stellenplan_Tabelle_t1.csv
2,40,0,band2_p040_Stellenplan_Tabelle_t0.csv
2,40,1,band2_p040_Stellenplan_Tabelle_t1.csv
2,41,0,band2_p041_Stellenplan_Tabelle_t0.csv
2,42,0,band2_p042_Stellenplan_Tabelle_t0.csv
2,43,0,band2_p043_Stellenplan_Tabelle_t0.csv
2,44,0,band2_p044_Stellenplan_Tabelle_t0.csv
2,44,1,band2_p044_Stellenplan_Tabelle_t1.csv
2,45,0,band2_p045_Stellenplan_Tabelle_t0.csv
2,46,0,band2_p046_Stellenplan_Tabelle_t0.csv
2,47,0,band2_p047_Stellenplan_Tabelle_t0.csv
2,48,0,band2_p048_Stellenplan_Tabelle_t0.csv
2,49,0,band2_p049_Stellenplan_Tabelle_t0.csv
2,50,0,band2_p050_Stellenplan_Tabelle_t0.csv
2,51,0,band2_p051_Stellenplan_Tabelle_t0.csv
2,52,0,band2_p052_Stellenplan_Tabelle_t0.csv
2,53,0,band2_p053_Stellenplan_Tabelle_t0.csv
2,54,0,band2_p054_Stellenplan_Tabelle_t0.csv
2,55,0,band2_p055_Stellenplan_Tabelle_t0.csv
2,56,0,band2_p056_Stellenplan_Tabelle_t0.csv
2,57,0,band2_p057_Stellenplan_Tabelle_t0.csv
2,58,0,band2_p058_Stellenplan_Tabelle_t0.csv
2,59,0,band2_p059_Stellenplan_Tabelle_t0.csv
2,60,0,band2_p060_Stellenplan_Tabelle_t0.csv
2,61,0,band2_p061_Stellenplan_Tabelle_t0.csv
2,62,0,band2_p062_Stellenplan_Tabelle_t0.csv
2,63,0,band2_p063_Stellenplan_Tabelle_t0.csv
2,64,0,band2_p064_Stellenplan_Tabelle_t0.csv
2,65,0,band2_p065_Stellenplan_Tabelle_t0.csv
2,66,0,band2_p066_Stellenplan_Tabelle_t0.csv
2,67,0,band2_p067_Stellenplan_Tabelle_t0.csv
2,67,1,band2_p067_Stellenplan_Tabelle_t1.csv
2,68,0,band2_p068_Stellenplan_Tabelle_t0.csv
2,71,0,band2_p071_Haushaltsquerschnitt_Tabelle_t0.csv
2,72,0,band2_p072_Haushaltsquerschnitt_Tabelle_t0.csv
2,73,0,band2_p073_Haushaltsquerschnitt_Tabelle_t0.csv
2,74,0,band2_p074_Haushaltsquerschnitt_Tabelle_t0.csv
2,75,0,band2_p075_Haushaltsquerschnitt_Tabelle_t0.csv
2,76,0,band2_p076_Haushaltsquerschnitt_Tabelle_t0.csv
2,77,0,band2_p077_Haushaltsquerschnitt_Tabelle_t0.csv
2,78,0,band2_p078_Haushaltsquerschnitt_Tabelle_t0.csv
2,79,0,band2_p079_Haushaltsquerschnitt_Tabelle_t0.csv
2,80,0,band2_p080_Haushaltsquerschnitt_Tabelle_t0.csv
2,83,0,band2_p083_Uebersicht_Verbindlichkeiten_Tabelle_t0.csv
2,87,0,band2_p087_Uebersicht_Eigenkapital_Tabelle_t0.csv
2,91,0,band2_p091_Uebersicht_Verpflichtungsermaechtigungen_Tabelle_t0.csv
2,95,0,band2_p095_Ergebnis_Finanzrechnung_Bilanz_2024_Tabelle_t0.csv
2,96,0,band2_p096_Ergebnis_Finanzrechnung_Bilanz_2024_Tabelle_t0.csv
2,97,0,band2_p097_Ergebnis_Finanzrechnung_Bilanz_2024_Tabelle_t0.csv
2,98,0,band2_p098_Ergebnis_Finanzrechnung_Bilanz_2024_Tabelle_t0.csv
2,99,0,band2_p099_Ergebnis_Finanzrechnung_Bilanz_2024_Tabelle_t0.csv
2,104,0,band2_p104_Wirtschaftsplaene_Sondervermoegen_awm_Tabelle_t0.csv
2,105,0,band2_p105_Wirtschaftsplaene_Sondervermoegen_awm_Tabelle_t0.csv
2,105,1,band2_p105_Wirtschaftsplaene_Sondervermoegen_awm_Tabelle_t1.csv
2,105,2,band2_p105_Wirtschaftsplaene_Sondervermoegen_awm_Tabelle_t2.csv
2,105,3,band2_p105_Wirtschaftsplaene_Sondervermoegen_awm_Tabelle_t3.csv
2,105,4,band2_p105_Wirtschaftsplaene_Sondervermoegen_awm_Tabelle_t4.csv
2,105,5,band2_p105_Wirtschaftsplaene_Sondervermoegen_awm_Tabelle_t5.csv
2,105,6,band2_p105_Wirtschaftsplaene_Sondervermoegen_awm_Tabelle_t6.csv
2,105,7,band2_p105_Wirtschaftsplaene_Sondervermoegen_awm_Tabelle_t7.csv
2,106,0,band2_p106_Wirtschaftsplaene_Sondervermoegen_awm_Tabelle_t0.csv
2,107,0,band2_p107_Wirtschaftsplaene_Sondervermoegen_awm_Tabelle_t0.csv
2,109,0,band2_p109_Wirtschaftsplaene_Sondervermoegen_awm_Tabelle_t0.csv
2,110,0,band2_p110_Wirtschaftsplaene_Sondervermoegen_awm_Tabelle_t0.csv
2,110,1,band2_p110_Wirtschaftsplaene_Sondervermoegen_awm_Tabelle_t1.csv
2,111,0,band2_p111_Wirtschaftsplaene_Sondervermoegen_awm_Tabelle_t0.csv
2,114,0,band2_p114_Wirtschaftsplaene_Sondervermoegen_citeq_Tabelle_t0.csv
2,114,1,band2_p114_Wirtschaftsplaene_Sondervermoegen_citeq_Tabelle_t1.csv
2,115,0,band2_p115_Wirtschaftsplaene_Sondervermoegen_citeq_Tabelle_t0.csv
2,115,1,band2_p115_Wirtschaftsplaene_Sondervermoegen_citeq_Tabelle_t1.csv
2,116,0,band2_p116_Wirtschaftsplaene_Sondervermoegen_citeq_Tabelle_t0.csv
2,116,1,band2_p116_Wirtschaftsplaene_Sondervermoegen_citeq_Kapitalflussrechnung_t1.csv
2,117,0,band2_p117_Wirtschaftsplaene_Sondervermoegen_citeq_Tabelle_t0.csv
2,117,1,band2_p117_Wirtschaftsplaene_Sondervermoegen_citeq_Tabelle_t1.csv
2,117,2,band2_p117_Wirtschaftsplaene_Sondervermoegen_citeq_Tabelle_t2.csv
2,117,3,band2_p117_Wirtschaftsplaene_Sondervermoegen_citeq_Tabelle_t3.csv
2,122,0,band2_p122_Wirtschaftsplaene_Sondervermoegen_MUNSTER_MARKETING_Tabelle_t0.csv
2,122,1,band2_p122_Wirtschaftsplaene_Sondervermoegen_MUNSTER_MARKETING_Tabelle_t1.csv
2,123,0,band2_p123_Wirtschaftsplaene_Sondervermoegen_MUNSTER_MARKETING_Tabelle_t0.csv
2,123,1,band2_p123_Wirtschaftsplaene_Sondervermoegen_MUNSTER_MARKETING_Tabelle_t1.csv
2,124,0,band2_p124_Wirtschaftsplaene_Sondervermoegen_MUNSTER_MARKETING_Tabelle_t0.csv
2,124,1,band2_p124_Wirtschaftsplaene_Sondervermoegen_MUNSTER_MARKETING_Tabelle_t1.csv
2,124,2,band2_p124_Wirtschaftsplaene_Sondervermoegen_MUNSTER_MARKETING_Tabelle_t2.csv
2,124,3,band2_p124_Wirtschaftsplaene_Sondervermoegen_MUNSTER_MARKETING_Tabelle_t3.csv
2,124,4,band2_p124_Wirtschaftsplaene_Sondervermoegen_MUNSTER_MARKETING_Tabelle_t4.csv
2,124,5,band2_p124_Wirtschaftsplaene_Sondervermoegen_MUNSTER_MARKETING_Tabelle_t5.csv
2,124,6,band2_p124_Wirtschaftsplaene_Sondervermoegen_MUNSTER_MARKETING_Tabelle_t6.csv
2,124,7,band2_p124_Wirtschaftsplaene_Sondervermoegen_MUNSTER_MARKETING_Tabelle_t7.csv
2,124,8,band2_p124_Wirtschaftsplaene_Sondervermoegen_MUNSTER_MARKETING_Tabelle_t8.csv
2,124,9,band2_p124_Wirtschaftsplaene_Sondervermoegen_MUNSTER_MARKETING_Tabelle_t9.csv
2,124,10,band2_p124_Wirtschaftsplaene_Sondervermoegen_MUNSTER_MARKETING_Tabelle_t10.csv
2,125,0,band2_p125_Wirtschaftsplaene_Sondervermoegen_MUNSTER_MARKETING_Tabelle_t0.csv
2,125,1,band2_p125_Wirtschaftsplaene_Sondervermoegen_MUNSTER_MARKETING_Tabelle_t1.csv
2,125,2,band2_p125_Wirtschaftsplaene_Sondervermoegen_MUNSTER_MARKETING_Tabelle_t2.csv
2,125,3,band2_p125_Wirtschaftsplaene_Sondervermoegen_MUNSTER_MARKETING_Tabelle_t3.csv
2,125,4,band2_p125_Wirtschaftsplaene_Sondervermoegen_MUNSTER_MARKETING_Tabelle_t4.csv
2,125,5,band2_p125_Wirtschaftsplaene_Sondervermoegen_MUNSTER_MARKETING_Tabelle_t5.csv
2,125,6,band2_p125_Wirtschaftsplaene_Sondervermoegen_MUNSTER_MARKETING_Tabelle_t6.csv
2,125,7,band2_p125_Wirtschaftsplaene_Sondervermoegen_MUNSTER_MARKETING_Tabelle_t7.csv
2,125,8,band2_p125_Wirtschaftsplaene_Sondervermoegen_MUNSTER_MARKETING_Tabelle_t8.csv
2,125,9,band2_p125_Wirtschaftsplaene_Sondervermoegen_MUNSTER_MARKETING_Tabelle_t9.csv
2,126,0,band2_p126_Wirtschaftsplaene_Sondervermoegen_MUNSTER_MARKETING_Tabelle_t0.csv
2,126,1,band2_p126_Wirtschaftsplaene_Sondervermoegen_MUNSTER_MARKETING_Tabelle_t1.csv
2,130,0,band2_p130_Wirtschaftsplaene_Sondervermoegen_TheaterMunster_Tabelle_t0.csv
2,130,1,band2_p130_Wirtschaftsplaene_Sondervermoegen_TheaterMunster_Tabelle_t1.csv
2,131,0,band2_p131_Wirtschaftsplaene_Sondervermoegen_TheaterMunster_Tabelle_t0.csv
2,131,1,band2_p131_Wirtschaftsplaene_Sondervermoegen_TheaterMunster_Tabelle_t1.csv
2,131,2,band2_p131_Wirtschaftsplaene_Sondervermoegen_TheaterMunster_Tabelle_t2.csv
2,131,3,band2_p131_Wirtschaftsplaene_Sondervermoegen_TheaterMunster_Tabelle_t3.csv
2,132,0,band2_p132_Wirtschaftsplaene_Sondervermoegen_TheaterMunster_Tabelle_t0.csv
2,132,1,band2_p132_Wirtschaftsplaene_Sondervermoegen_TheaterMunster_Tabelle_t1.csv
2,133,0,band2_p133_Wirtschaftsplaene_Sondervermoegen_TheaterMunster_Tabelle_t0.csv
2,133,1,band2_p133_Wirtschaftsplaene_Sondervermoegen_TheaterMunster_Tabelle_t1.csv
2,133,2,band2_p133_Wirtschaftsplaene_Sondervermoegen_TheaterMunster_Tabelle_t2.csv
2,133,3,band2_p133_Wirtschaftsplaene_Sondervermoegen_TheaterMunster_Tabelle_t3.csv
2,142,0,band2_p142_Uebersicht_Wirtschaftslage_Unternehmen_Tabelle_t0.csv
2,143,0,band2_p143_Uebersicht_Wirtschaftslage_Unternehmen_Tabelle_t0.csv
2,148,0,band2_p148_Bezirksvertretung_Muenster-Mitte_PG0101_Teilergebnisplan_t0.csv
2,151,0,band2_p151_Bezirksvertretung_Muenster-Mitte_Immobilienmanagement_Investitionsmassnahmen_t0.csv
2,151,1,band2_p151_Bezirksvertretung_Muenster-Mitte_Immobilienmanagement_Investitionsmassnahmen_t1.csv
2,151,2,band2_p151_Bezirksvertretung_Muenster-Mitte_Immobilienmanagement_Investitionsmassnahmen_t2.csv
2,152,0,band2_p152_Bezirksvertretung_Muenster-Mitte_GewerberechtlicheAngelegenheiten_Investitionsmassnahmen_t0.csv
2,152,1,band2_p152_Bezirksvertretung_Muenster-Mitte_GewerberechtlicheAngelegenheiten_Investitionsmassnahmen_t1.csv
2,153,0,band2_p153_Bezirksvertretung_Muenster-Mitte_BrandschutzundfeuerwehrtechnischeHilfeleistung_Investitionsmassnahmen_t0.csv
2,153,1,band2_p153_Bezirksvertretung_Muenster-Mitte_BrandschutzundfeuerwehrtechnischeHilfeleistung_Investitionsmassnahmen_t1.csv
2,153,2,band2_p153_Bezirksvertretung_Muenster-Mitte_BrandschutzundfeuerwehrtechnischeHilfeleistung_Investitionsmassnahmen_t2.csv
2,153,3,band2_p153_Bezirksvertretung_Muenster-Mitte_BrandschutzundfeuerwehrtechnischeHilfeleistung_Investitionsmassnahmen_t3.csv
2,153,4,band2_p153_Bezirksvertretung_Muenster-Mitte_BrandschutzundfeuerwehrtechnischeHilfeleistung_Investitionsmassnahmen_t4.csv
2,153,5,band2_p153_Bezirksvertretung_Muenster-Mitte_BrandschutzundfeuerwehrtechnischeHilfeleistung_Investitionsmassnahmen_t5.csv
2,154,0,band2_p154_Bezirksvertretung_Muenster-Mitte_LeistungenfurSchulen_Investitionsmassnahmen_t0.csv
2,154,1,band2_p154_Bezirksvertretung_Muenster-Mitte_LeistungenfurSchulen_Investitionsmassnahmen_t1.csv
2,154,2,band2_p154_Bezirksvertretung_Muenster-Mitte_LeistungenfurSchulen_Investitionsmassnahmen_t2.csv
2,154,3,band2_p154_Bezirksvertretung_Muenster-Mitte_LeistungenfurSchulen_Investitionsmassnahmen_t3.csv
2,154,4,band2_p154_Bezirksvertretung_Muenster-Mitte_LeistungenfurSchulen_Investitionsmassnahmen_t4.csv
2,155,0,band2_p155_Bezirksvertretung_Muenster-Mitte_LeistungenfurSchulen_Investitionsmassnahmen_t0.csv
2,155,1,band2_p155_Bezirksvertretung_Muenster-Mitte_LeistungenfurSchulen_Investitionsmassnahmen_t1.csv
2,155,2,band2_p155_Bezirksvertretung_Muenster-Mitte_LeistungenfurSchulen_Investitionsmassnahmen_t2.csv
2,155,3,band2_p155_Bezirksvertretung_Muenster-Mitte_LeistungenfurSchulen_Investitionsmassnahmen_t3.csv
2,155,4,band2_p155_Bezirksvertretung_Muenster-Mitte_LeistungenfurSchulen_Investitionsmassnahmen_t4.csv
2,156,0,band2_p156_Bezirksvertretung_Muenster-Mitte_LeistungenfurSchulen_Investitionsmassnahmen_t0.csv
2,156,1,band2_p156_Bezirksvertretung_Muenster-Mitte_LeistungenfurSchulen_Investitionsmassnahmen_t1.csv
2,156,2,band2_p156_Bezirksvertretung_Muenster-Mitte_LeistungenfurSchulen_Investitionsmassnahmen_t2.csv
2,156,3,band2_p156_Bezirksvertretung_Muenster-Mitte_LeistungenfurSchulen_Investitionsmassnahmen_t3.csv
2,157,0,band2_p157_Bezirksvertretung_Muenster-Mitte_LeistungenfurSchulen_Investitionsmassnahmen_t0.csv
2,157,1,band2_p157_Bezirksvertretung_Muenster-Mitte_LeistungenfurSchulen_Investitionsmassnahmen_t1.csv
2,157,2,band2_p157_Bezirksvertretung_Muenster-Mitte_LeistungenfurSchulen_Investitionsmassnahmen_t2.csv
2,157,3,band2_p157_Bezirksvertretung_Muenster-Mitte_LeistungenfurSchulen_Investitionsmassnahmen_t3.csv
2,158,0,band2_p158_Bezirksvertretung_Muenster-Mitte_LeistungenfurSchulen_Investitionsmassnahmen_t0.csv
2,158,1,band2_p158_Bezirksvertretung_Muenster-Mitte_LeistungenfurSchulen_Investitionsmassnahmen_t1.csv
2,158,2,band2_p158_Bezirksvertretung_Muenster-Mitte_LeistungenfurSchulen_Investitionsmassnahmen_t2.csv
2,158,3,band2_p158_Bezirksvertretung_Muenster-Mitte_LeistungenfurSchulen_Investitionsmassnahmen_t3.csv
2,158,4,band2_p158_Bezirksvertretung_Muenster-Mitte_LeistungenfurSchulen_Investitionsmassnahmen_t4.csv
2,159,0,band2_p159_Bezirksvertretung_Muenster-Mitte_LeistungenfurSchulen_Investitionsmassnahmen_t0.csv
2,159,1,band2_p159_Bezirksvertretung_Muenster-Mitte_LeistungenfurSchulen_Investitionsmassnahmen_t1.csv
2,159,2,band2_p159_Bezirksvertretung_Muenster-Mitte_LeistungenfurSchulen_Investitionsmassnahmen_t2.csv
2,159,3,band2_p159_Bezirksvertretung_Muenster-Mitte_LeistungenfurSchulen_Investitionsmassnahmen_t3.csv
2,159,4,band2_p159_Bezirksvertretung_Muenster-Mitte_LeistungenfurSchulen_Investitionsmassnahmen_t4.csv
2,160,0,band2_p160_Bezirksvertretung_Muenster-Mitte_LeistungenfurSchulen_Investitionsmassnahmen_t0.csv
2,160,1,band2_p160_Bezirksvertretung_Muenster-Mitte_LeistungenfurSchulen_Investitionsmassnahmen_t1.csv
2,160,2,band2_p160_Bezirksvertretung_Muenster-Mitte_LeistungenfurSchulen_Investitionsmassnahmen_t2.csv
2,160,3,band2_p160_Bezirksvertretung_Muenster-Mitte_LeistungenfurSchulen_Investitionsmassnahmen_t3.csv
2,160,4,band2_p160_Bezirksvertretung_Muenster-Mitte_LeistungenfurSchulen_Investitionsmassnahmen_t4.csv
2,161,0,band2_p161_Bezirksvertretung_Muenster-Mitte_LeistungenfurSchulen_Investitionsmassnahmen_t0.csv
2,161,1,band2_p161_Bezirksvertretung_Muenster-Mitte_LeistungenfurSchulen_Investitionsmassnahmen_t1.csv
2,161,2,band2_p161_Bezirksvertretung_Muenster-Mitte_LeistungenfurSchulen_Investitionsmassnahmen_t2.csv
2,161,3,band2_p161_Bezirksvertretung_Muenster-Mitte_LeistungenfurSchulen_Investitionsmassnahmen_t3.csv
2,162,0,band2_p162_Bezirksvertretung_Muenster-Mitte_LeistungenfurSchulen_Investitionsmassnahmen_t0.csv
2,162,1,band2_p162_Bezirksvertretung_Muenster-Mitte_LeistungenfurSchulen_Investitionsmassnahmen_t1.csv
2,162,2,band2_p162_Bezirksvertretung_Muenster-Mitte_LeistungenfurSchulen_Investitionsmassnahmen_t2.csv
2,162,3,band2_p162_Bezirksvertretung_Muenster-Mitte_LeistungenfurSchulen_Investitionsmassnahmen_t3.csv
2,163,0,band2_p163_Bezirksvertretung_Muenster-Mitte_LeistungenfurSchulen_Investitionsmassnahmen_t0.csv
2,163,1,band2_p163_Bezirksvertretung_Muenster-Mitte_LeistungenfurSchulen_Investitionsmassnahmen_t1.csv
2,164,0,band2_p164_Bezirksvertretung_Muenster-Mitte_Kulturmanagement_Kulturforderung_Investitionsmassnahmen_t0.csv
2,164,1,band2_p164_Bezirksvertretung_Muenster-Mitte_Kulturmanagement_Kulturforderung_Investitionsmassnahmen_t1.csv
2,164,2,band2_p164_Bezirksvertretung_Muenster-Mitte_Kulturmanagement_Kulturforderung_Investitionsmassnahmen_t2.csv
2,165,0,band2_p165_Bezirksvertretung_Muenster-Mitte_SicherungbesonderersozialerBedarfe_Investitionsmassnahmen_t0.csv
2,165,1,band2_p165_Bezirksvertretung_Muenster-Mitte_SicherungbesonderersozialerBedarfe_Investitionsmassnahmen_t1.csv
2,166,0,band2_p166_Bezirksvertretung_Muenster-Mitte_ForderungvonKinderninTagesbetreuung_Investitionsmassnahmen_t0.csv
2,166,1,band2_p166_Bezirksvertretung_Muenster-Mitte_ForderungvonKinderninTagesbetreuung_Investitionsmassnahmen_t1.csv
2,166,2,band2_p166_Bezirksvertretung_Muenster-Mitte_ForderungvonKinderninTagesbetreuung_Investitionsmassnahmen_t2.csv
2,166,3,band2_p166_Bezirksvertretung_Muenster-Mitte_ForderungvonKinderninTagesbetreuung_Investitionsmassnahmen_t3.csv
2,167,0,band2_p167_Bezirksvertretung_Muenster-Mitte_ForderungvonKinderninTagesbetreuung_Investitionsmassnahmen_t0.csv
2,167,1,band2_p167_Bezirksvertretung_Muenster-Mitte_ForderungvonKinderninTagesbetreuung_Investitionsmassnahmen_t1.csv
2,167,2,band2_p167_Bezirksvertretung_Muenster-Mitte_ForderungvonKinderninTagesbetreuung_Investitionsmassnahmen_t2.csv
2,167,3,band2_p167_Bezirksvertretung_Muenster-Mitte_ForderungvonKinderninTagesbetreuung_Investitionsmassnahmen_t3.csv
2,167,4,band2_p167_Bezirksvertretung_Muenster-Mitte_ForderungvonKinderninTagesbetreuung_Investitionsmassnahmen_t4.csv
2,167,5,band2_p167_Bezirksvertretung_Muenster-Mitte_ForderungvonKinderninTagesbetreuung_Investitionsmassnahmen_t5.csv
2,168,0,band2_p168_Bezirksvertretung_Muenster-Mitte_Kinder_undJugendarbeit_Investitionsmassnahmen_t0.csv
2,168,1,band2_p168_Bezirksvertretung_Muenster-Mitte_Kinder_undJugendarbeit_Investitionsmassnahmen_t1.csv
2,168,2,band2_p168_Bezirksvertretung_Muenster-Mitte_Kinder_undJugendarbeit_Investitionsmassnahmen_t2.csv
2,169,0,band2_p169_Bezirksvertretung_Muenster-Mitte_Sportinfrastruktur_Sportforderung_Sportveranstaltungen_Investitionsmassnahmen_t0.csv
2,169,1,band2_p169_Bezirksvertretung_Muenster-Mitte_Sportinfrastruktur_Sportforderung_Sportveranstaltungen_Investitionsmassnahmen_t1.csv
2,169,2,band2_p169_Bezirksvertretung_Muenster-Mitte_Sportinfrastruktur_Sportforderung_Sportveranstaltungen_Investitionsmassnahmen_t2.csv
2,169,3,band2_p169_Bezirksvertretung_Muenster-Mitte_Sportinfrastruktur_Sportforderung_Sportveranstaltungen_Investitionsmassnahmen_t3.csv
2,170,0,band2_p170_Bezirksvertretung_Muenster-Mitte_Sportinfrastruktur_Sportforderung_Sportveranstaltungen_Investitionsmassnahmen_t0.csv
2,170,1,band2_p170_Bezirksvertretung_Muenster-Mitte_Sportinfrastruktur_Sportforderung_Sportveranstaltungen_Investitionsmassnahmen_t1.csv
2,170,2,band2_p170_Bezirksvertretung_Muenster-Mitte_Sportinfrastruktur_Sportforderung_Sportveranstaltungen_Investitionsmassnahmen_t2.csv
2,170,3,band2_p170_Bezirksvertretung_Muenster-Mitte_Sportinfrastruktur_Sportforderung_Sportveranstaltungen_Investitionsmassnahmen_t3.csv
2,170,4,band2_p170_Bezirksvertretung_Muenster-Mitte_Sportinfrastruktur_Sportforderung_Sportveranstaltungen_Investitionsmassnahmen_t4.csv
2,171,0,band2_p171_Bezirksvertretung_Muenster-Mitte_Sportinfrastruktur_Sportforderung_Sportveranstaltungen_Investitionsmassnahmen_t0.csv
2,171,1,band2_p171_Bezirksvertretung_Muenster-Mitte_Sportinfrastruktur_Sportforderung_Sportveranstaltungen_Investitionsmassnahmen_t1.csv
2,171,2,band2_p171_Bezirksvertretung_Muenster-Mitte_Sportinfrastruktur_Sportforderung_Sportveranstaltungen_Investitionsmassnahmen_t2.csv
2,172,0,band2_p172_Bezirksvertretung_Muenster-Mitte_Bader_Investitionsmassnahmen_t0.csv
2,172,1,band2_p172_Bezirksvertretung_Muenster-Mitte_Bader_Investitionsmassnahmen_t1.csv
2,172,2,band2_p172_Bezirksvertretung_Muenster-Mitte_Bader_Investitionsmassnahmen_t2.csv
2,172,3,band2_p172_Bezirksvertretung_Muenster-Mitte_Bader_Investitionsmassnahmen_t3.csv
2,172,4,band2_p172_Bezirksvertretung_Muenster-Mitte_Bader_Investitionsmassnahmen_t4.csv
2,173,0,band2_p173_Bezirksvertretung_Muenster-Mitte_Stadt_undRegionalentwicklung_Stadtplanung_Investitionsmassnahmen_t0.csv
2,173,1,band2_p173_Bezirksvertretung_Muenster-Mitte_Stadt_undRegionalentwicklung_Stadtplanung_Investitionsmassnahmen_t1.csv
2,173,2,band2_p173_Bezirksvertretung_Muenster-Mitte_Stadt_undRegionalentwicklung_Stadtplanung_Investitionsmassnahmen_t2.csv
2,173,3,band2_p173_Bezirksvertretung_Muenster-Mitte_Stadt_undRegionalentwicklung_Stadtplanung_Investitionsmassnahmen_t3.csv
2,173,4,band2_p173_Bezirksvertretung_Muenster-Mitte_Stadt_undRegionalentwicklung_Stadtplanung_Investitionsmassnahmen_t4.csv
2,174,0,band2_p174_Bezirksvertretung_Muenster-Mitte_Abwasserbeseitigung_Investitionsmassnahmen_t0.csv
2,174,1,band2_p174_Bezirksvertretung_Muenster-Mitte_Abwasserbeseitigung_Investitionsmassnahmen_t1.csv
2,174,2,band2_p174_Bezirksvertretung_Muenster-Mitte_Abwasserbeseitigung_Investitionsmassnahmen_t2.csv
2,174,3,band2_p174_Bezirksvertretung_Muenster-Mitte_Abwasserbeseitigung_Investitionsmassnahmen_t3.csv
2,174,4,band2_p174_Bezirksvertretung_Muenster-Mitte_Abwasserbeseitigung_Investitionsmassnahmen_t4.csv
2,175,0,band2_p175_Bezirksvertretung_Muenster-Mitte_Abwasserbeseitigung_Investitionsmassnahmen_t0.csv
2,175,1,band2_p175_Bezirksvertretung_Muenster-Mitte_Abwasserbeseitigung_Investitionsmassnahmen_t1.csv
2,175,2,band2_p175_Bezirksvertretung_Muenster-Mitte_Abwasserbeseitigung_Investitionsmassnahmen_t2.csv
2,175,3,band2_p175_Bezirksvertretung_Muenster-Mitte_Abwasserbeseitigung_Investitionsmassnahmen_t3.csv
2,175,4,band2_p175_Bezirksvertretung_Muenster-Mitte_Abwasserbeseitigung_Investitionsmassnahmen_t4.csv
2,175,5,band2_p175_Bezirksvertretung_Muenster-Mitte_Abwasserbeseitigung_Investitionsmassnahmen_t5.csv
2,176,0,band2_p176_Bezirksvertretung_Muenster-Mitte_Abwasserbeseitigung_Investitionsmassnahmen_t0.csv
2,176,1,band2_p176_Bezirksvertretung_Muenster-Mitte_Abwasserbeseitigung_Investitionsmassnahmen_t1.csv
2,176,2,band2_p176_Bezirksvertretung_Muenster-Mitte_Abwasserbeseitigung_Investitionsmassnahmen_t2.csv
2,177,0,band2_p177_Bezirksvertretung_Muenster-Mitte_BereitstellungvonVerkehrsflachenund_anlagen_Investitionsmassnahmen_t0.csv
2,177,1,band2_p177_Bezirksvertretung_Muenster-Mitte_BereitstellungvonVerkehrsflachenund_anlagen_Investitionsmassnahmen_t1.csv
2,177,2,band2_p177_Bezirksvertretung_Muenster-Mitte_BereitstellungvonVerkehrsflachenund_anlagen_Investitionsmassnahmen_t2.csv
2,177,3,band2_p177_Bezirksvertretung_Muenster-Mitte_BereitstellungvonVerkehrsflachenund_anlagen_Investitionsmassnahmen_t3.csv
2,178,0,band2_p178_Bezirksvertretung_Muenster-Mitte_BereitstellungvonVerkehrsflachenund_anlagen_Investitionsmassnahmen_t0.csv
2,178,1,band2_p178_Bezirksvertretung_Muenster-Mitte_BereitstellungvonVerkehrsflachenund_anlagen_Investitionsmassnahmen_t1.csv
2,178,2,band2_p178_Bezirksvertretung_Muenster-Mitte_BereitstellungvonVerkehrsflachenund_anlagen_Investitionsmassnahmen_t2.csv
2,178,3,band2_p178_Bezirksvertretung_Muenster-Mitte_BereitstellungvonVerkehrsflachenund_anlagen_Investitionsmassnahmen_t3.csv
2,178,4,band2_p178_Bezirksvertretung_Muenster-Mitte_BereitstellungvonVerkehrsflachenund_anlagen_Investitionsmassnahmen_t4.csv
2,179,0,band2_p179_Bezirksvertretung_Muenster-Mitte_BereitstellungvonVerkehrsflachenund_anlagen_Investitionsmassnahmen_t0.csv
2,179,1,band2_p179_Bezirksvertretung_Muenster-Mitte_BereitstellungvonVerkehrsflachenund_anlagen_Investitionsmassnahmen_t1.csv
2,179,2,band2_p179_Bezirksvertretung_Muenster-Mitte_BereitstellungvonVerkehrsflachenund_anlagen_Investitionsmassnahmen_t2.csv
2,179,3,band2_p179_Bezirksvertretung_Muenster-Mitte_BereitstellungvonVerkehrsflachenund_anlagen_Investitionsmassnahmen_t3.csv
2,179,4,band2_p179_Bezirksvertretung_Muenster-Mitte_BereitstellungvonVerkehrsflachenund_anlagen_Investitionsmassnahmen_t4.csv
2,180,0,band2_p180_Bezirksvertretung_Muenster-Mitte_BereitstellungvonVerkehrsflachenund_anlagen_Investitionsmassnahmen_t0.csv
2,180,1,band2_p180_Bezirksvertretung_Muenster-Mitte_BereitstellungvonVerkehrsflachenund_anlagen_Investitionsmassnahmen_t1.csv
2,180,2,band2_p180_Bezirksvertretung_Muenster-Mitte_BereitstellungvonVerkehrsflachenund_anlagen_Investitionsmassnahmen_t2.csv
2,180,3,band2_p180_Bezirksvertretung_Muenster-Mitte_BereitstellungvonVerkehrsflachenund_anlagen_Investitionsmassnahmen_t3.csv
2,180,4,band2_p180_Bezirksvertretung_Muenster-Mitte_BereitstellungvonVerkehrsflachenund_anlagen_Investitionsmassnahmen_t4.csv
2,181,0,band2_p181_Bezirksvertretung_Muenster-Mitte_BereitstellungvonVerkehrsflachenund_anlagen_Investitionsmassnahmen_t0.csv
2,181,1,band2_p181_Bezirksvertretung_Muenster-Mitte_BereitstellungvonVerkehrsflachenund_anlagen_Investitionsmassnahmen_t1.csv
2,181,2,band2_p181_Bezirksvertretung_Muenster-Mitte_BereitstellungvonVerkehrsflachenund_anlagen_Investitionsmassnahmen_t2.csv
2,181,3,band2_p181_Bezirksvertretung_Muenster-Mitte_BereitstellungvonVerkehrsflachenund_anlagen_Investitionsmassnahmen_t3.csv
2,181,4,band2_p181_Bezirksvertretung_Muenster-Mitte_BereitstellungvonVerkehrsflachenund_anlagen_Investitionsmassnahmen_t4.csv
2,182,0,band2_p182_Bezirksvertretung_Muenster-Mitte_BereitstellungvonVerkehrsflachenund_anlagen_Investitionsmassnahmen_t0.csv
2,182,1,band2_p182_Bezirksvertretung_Muenster-Mitte_BereitstellungvonVerkehrsflachenund_anlagen_Investitionsmassnahmen_t1.csv
2,183,0,band2_p183_Bezirksvertretung_Muenster-Mitte_Grun_undFreiflachen_Investitionsmassnahmen_t0.csv
2,183,1,band2_p183_Bezirksvertretung_Muenster-Mitte_Grun_undFreiflachen_Investitionsmassnahmen_t1.csv
2,183,2,band2_p183_Bezirksvertretung_Muenster-Mitte_Grun_undFreiflachen_Investitionsmassnahmen_t2.csv
2,183,3,band2_p183_Bezirksvertretung_Muenster-Mitte_Grun_undFreiflachen_Investitionsmassnahmen_t3.csv
2,183,4,band2_p183_Bezirksvertretung_Muenster-Mitte_Grun_undFreiflachen_Investitionsmassnahmen_t4.csv
2,184,0,band2_p184_Bezirksvertretung_Muenster-Mitte_Grun_undFreiflachen_Investitionsmassnahmen_t0.csv
2,184,1,band2_p184_Bezirksvertretung_Muenster-Mitte_Grun_undFreiflachen_Investitionsmassnahmen_t1.csv
2,184,2,band2_p184_Bezirksvertretung_Muenster-Mitte_Grun_undFreiflachen_Investitionsmassnahmen_t2.csv
2,184,3,band2_p184_Bezirksvertretung_Muenster-Mitte_Grun_undFreiflachen_Investitionsmassnahmen_t3.csv
2,184,4,band2_p184_Bezirksvertretung_Muenster-Mitte_Grun_undFreiflachen_Investitionsmassnahmen_t4.csv
2,184,5,band2_p184_Bezirksvertretung_Muenster-Mitte_Grun_undFreiflachen_Investitionsmassnahmen_t5.csv
2,185,0,band2_p185_Bezirksvertretung_Muenster-Mitte_Grun_undFreiflachen_Investitionsmassnahmen_t0.csv
2,185,1,band2_p185_Bezirksvertretung_Muenster-Mitte_Grun_undFreiflachen_Investitionsmassnahmen_t1.csv
2,185,2,band2_p185_Bezirksvertretung_Muenster-Mitte_Grun_undFreiflachen_Investitionsmassnahmen_t2.csv
2,185,3,band2_p185_Bezirksvertretung_Muenster-Mitte_Grun_undFreiflachen_Investitionsmassnahmen_t3.csv
2,186,0,band2_p186_Bezirksvertretung_Muenster-Mitte_Grun_undFreiflachen_Investitionsmassnahmen_t0.csv
2,186,1,band2_p186_Bezirksvertretung_Muenster-Mitte_Grun_undFreiflachen_Investitionsmassnahmen_t1.csv
2,186,2,band2_p186_Bezirksvertretung_Muenster-Mitte_Grun_undFreiflachen_Investitionsmassnahmen_t2.csv
2,187,0,band2_p187_Bezirksvertretung_Muenster-Mitte_Friedhofe_Investitionsmassnahmen_t0.csv
2,187,1,band2_p187_Bezirksvertretung_Muenster-Mitte_Friedhofe_Investitionsmassnahmen_t1.csv
2,187,2,band2_p187_Bezirksvertretung_Muenster-Mitte_Friedhofe_Investitionsmassnahmen_t2.csv
2,188,0,band2_p188_Bezirksvertretung_Muenster-Mitte_Natur_Landschaft_Erholung_Wasserschutz_Investitionsmassnahmen_t0.csv
2,188,1,band2_p188_Bezirksvertretung_Muenster-Mitte_Natur_Landschaft_Erholung_Wasserschutz_Investitionsmassnahmen_t1.csv
2,188,2,band2_p188_Bezirksvertretung_Muenster-Mitte_Natur_Landschaft_Erholung_Wasserschutz_Investitionsmassnahmen_t2.csv
2,189,0,band2_p189_Bezirksvertretung_Muenster-Mitte_FliessendeGewasser_Investitionsmassnahmen_t0.csv
2,189,1,band2_p189_Bezirksvertretung_Muenster-Mitte_FliessendeGewasser_Investitionsmassnahmen_t1.csv
2,192,0,band2_p192_Bezirksvertretung_Muenster-Nord_PG0101_Teilergebnisplan_t0.csv
2,195,0,band2_p195_Bezirksvertretung_Muenster-Nord_BrandschutzundfeuerwehrtechnischeHilfeleistung_Investitionsmassnahmen_t0.csv
2,195,1,band2_p195_Bezirksvertretung_Muenster-Nord_BrandschutzundfeuerwehrtechnischeHilfeleistung_Investitionsmassnahmen_t1.csv
2,195,2,band2_p195_Bezirksvertretung_Muenster-Nord_BrandschutzundfeuerwehrtechnischeHilfeleistung_Investitionsmassnahmen_t2.csv
2,195,3,band2_p195_Bezirksvertretung_Muenster-Nord_BrandschutzundfeuerwehrtechnischeHilfeleistung_Investitionsmassnahmen_t3.csv
2,195,4,band2_p195_Bezirksvertretung_Muenster-Nord_BrandschutzundfeuerwehrtechnischeHilfeleistung_Investitionsmassnahmen_t4.csv
2,196,0,band2_p196_Bezirksvertretung_Muenster-Nord_Rettungsdienst_Investitionsmassnahmen_t0.csv
2,196,1,band2_p196_Bezirksvertretung_Muenster-Nord_Rettungsdienst_Investitionsmassnahmen_t1.csv
2,197,0,band2_p197_Bezirksvertretung_Muenster-Nord_LeistungenfurSchulen_Investitionsmassnahmen_t0.csv
2,197,1,band2_p197_Bezirksvertretung_Muenster-Nord_LeistungenfurSchulen_Investitionsmassnahmen_t1.csv
2,197,2,band2_p197_Bezirksvertretung_Muenster-Nord_LeistungenfurSchulen_Investitionsmassnahmen_t2.csv
2,197,3,band2_p197_Bezirksvertretung_Muenster-Nord_LeistungenfurSchulen_Investitionsmassnahmen_t3.csv
2,197,4,band2_p197_Bezirksvertretung_Muenster-Nord_LeistungenfurSchulen_Investitionsmassnahmen_t4.csv
2,198,0,band2_p198_Bezirksvertretung_Muenster-Nord_LeistungenfurSchulen_Investitionsmassnahmen_t0.csv
2,198,1,band2_p198_Bezirksvertretung_Muenster-Nord_LeistungenfurSchulen_Investitionsmassnahmen_t1.csv
2,198,2,band2_p198_Bezirksvertretung_Muenster-Nord_LeistungenfurSchulen_Investitionsmassnahmen_t2.csv
2,198,3,band2_p198_Bezirksvertretung_Muenster-Nord_LeistungenfurSchulen_Investitionsmassnahmen_t3.csv
2,198,4,band2_p198_Bezirksvertretung_Muenster-Nord_LeistungenfurSchulen_Investitionsmassnahmen_t4.csv
2,199,0,band2_p199_Bezirksvertretung_Muenster-Nord_LeistungenfurSchulen_Investitionsmassnahmen_t0.csv
2,199,1,band2_p199_Bezirksvertretung_Muenster-Nord_LeistungenfurSchulen_Investitionsmassnahmen_t1.csv
2,199,2,band2_p199_Bezirksvertretung_Muenster-Nord_LeistungenfurSchulen_Investitionsmassnahmen_t2.csv
2,199,3,band2_p199_Bezirksvertretung_Muenster-Nord_LeistungenfurSchulen_Investitionsmassnahmen_t3.csv
2,200,0,band2_p200_Bezirksvertretung_Muenster-Nord_LeistungenfurSchulen_Investitionsmassnahmen_t0.csv
2,200,1,band2_p200_Bezirksvertretung_Muenster-Nord_LeistungenfurSchulen_Investitionsmassnahmen_t1.csv
2,200,2,band2_p200_Bezirksvertretung_Muenster-Nord_LeistungenfurSchulen_Investitionsmassnahmen_t2.csv
2,200,3,band2_p200_Bezirksvertretung_Muenster-Nord_LeistungenfurSchulen_Investitionsmassnahmen_t3.csv
2,200,4,band2_p200_Bezirksvertretung_Muenster-Nord_LeistungenfurSchulen_Investitionsmassnahmen_t4.csv
2,201,0,band2_p201_Bezirksvertretung_Muenster-Nord_LeistungenfurSchulen_Investitionsmassnahmen_t0.csv
2,201,1,band2_p201_Bezirksvertretung_Muenster-Nord_LeistungenfurSchulen_Investitionsmassnahmen_t1.csv
2,201,2,band2_p201_Bezirksvertretung_Muenster-Nord_LeistungenfurSchulen_Investitionsmassnahmen_t2.csv
2,201,3,band2_p201_Bezirksvertretung_Muenster-Nord_LeistungenfurSchulen_Investitionsmassnahmen_t3.csv
2,201,4,band2_p201_Bezirksvertretung_Muenster-Nord_LeistungenfurSchulen_Investitionsmassnahmen_t4.csv
2,202,0,band2_p202_Bezirksvertretung_Muenster-Nord_ForderungvonKinderninTagesbetreuung_Investitionsmassnahmen_t0.csv
2,202,1,band2_p202_Bezirksvertretung_Muenster-Nord_ForderungvonKinderninTagesbetreuung_Investitionsmassnahmen_t1.csv
2,202,2,band2_p202_Bezirksvertretung_Muenster-Nord_ForderungvonKinderninTagesbetreuung_Investitionsmassnahmen_t2.csv
2,202,3,band2_p202_Bezirksvertretung_Muenster-Nord_ForderungvonKinderninTagesbetreuung_Investitionsmassnahmen_t3.csv
2,203,0,band2_p203_Bezirksvertretung_Muenster-Nord_ForderungvonKinderninTagesbetreuung_Investitionsmassnahmen_t0.csv
2,203,1,band2_p203_Bezirksvertretung_Muenster-Nord_ForderungvonKinderninTagesbetreuung_Investitionsmassnahmen_t1.csv
2,203,2,band2_p203_Bezirksvertretung_Muenster-Nord_ForderungvonKinderninTagesbetreuung_Investitionsmassnahmen_t2.csv
2,203,3,band2_p203_Bezirksvertretung_Muenster-Nord_ForderungvonKinderninTagesbetreuung_Investitionsmassnahmen_t3.csv
2,204,0,band2_p204_Bezirksvertretung_Muenster-Nord_Kinder_undJugendarbeit_Investitionsmassnahmen_t0.csv
2,204,1,band2_p204_Bezirksvertretung_Muenster-Nord_Kinder_undJugendarbeit_Investitionsmassnahmen_t1.csv
2,205,0,band2_p205_Bezirksvertretung_Muenster-Nord_Sportinfrastruktur_Sportforderung_Sportveranstaltungen_Investitionsmassnahmen_t0.csv
2,205,1,band2_p205_Bezirksvertretung_Muenster-Nord_Sportinfrastruktur_Sportforderung_Sportveranstaltungen_Investitionsmassnahmen_t1.csv
2,205,2,band2_p205_Bezirksvertretung_Muenster-Nord_Sportinfrastruktur_Sportforderung_Sportveranstaltungen_Investitionsmassnahmen_t2.csv
2,205,3,band2_p205_Bezirksvertretung_Muenster-Nord_Sportinfrastruktur_Sportforderung_Sportveranstaltungen_Investitionsmassnahmen_t3.csv
2,206,0,band2_p206_Bezirksvertretung_Muenster-Nord_Sportinfrastruktur_Sportforderung_Sportveranstaltungen_Investitionsmassnahmen_t0.csv
2,206,1,band2_p206_Bezirksvertretung_Muenster-Nord_Sportinfrastruktur_Sportforderung_Sportveranstaltungen_Investitionsmassnahmen_t1.csv
2,206,2,band2_p206_Bezirksvertretung_Muenster-Nord_Sportinfrastruktur_Sportforderung_Sportveranstaltungen_Investitionsmassnahmen_t2.csv
2,206,3,band2_p206_Bezirksvertretung_Muenster-Nord_Sportinfrastruktur_Sportforderung_Sportveranstaltungen_Investitionsmassnahmen_t3.csv
2,207,0,band2_p207_Bezirksvertretung_Muenster-Nord_Bader_Investitionsmassnahmen_t0.csv
2,207,1,band2_p207_Bezirksvertretung_Muenster-Nord_Bader_Investitionsmassnahmen_t1.csv
2,208,0,band2_p208_Bezirksvertretung_Muenster-Nord_Stadt_undRegionalentwicklung_Stadtplanung_Investitionsmassnahmen_t0.csv
2,208,1,band2_p208_Bezirksvertretung_Muenster-Nord_Stadt_undRegionalentwicklung_Stadtplanung_Investitionsmassnahmen_t1.csv
2,209,0,band2_p209_Bezirksvertretung_Muenster-Nord_Abwasserbeseitigung_Investitionsmassnahmen_t0.csv
2,209,1,band2_p209_Bezirksvertretung_Muenster-Nord_Abwasserbeseitigung_Investitionsmassnahmen_t1.csv
2,209,2,band2_p209_Bezirksvertretung_Muenster-Nord_Abwasserbeseitigung_Investitionsmassnahmen_t2.csv
2,209,3,band2_p209_Bezirksvertretung_Muenster-Nord_Abwasserbeseitigung_Investitionsmassnahmen_t3.csv
2,209,4,band2_p209_Bezirksvertretung_Muenster-Nord_Abwasserbeseitigung_Investitionsmassnahmen_t4.csv
2,209,5,band2_p209_Bezirksvertretung_Muenster-Nord_Abwasserbeseitigung_Investitionsmassnahmen_t5.csv
2,210,0,band2_p210_Bezirksvertretung_Muenster-Nord_BereitstellungvonVerkehrsflachenund_anlagen_Investitionsmassnahmen_t0.csv
2,210,1,band2_p210_Bezirksvertretung_Muenster-Nord_BereitstellungvonVerkehrsflachenund_anlagen_Investitionsmassnahmen_t1.csv
2,210,2,band2_p210_Bezirksvertretung_Muenster-Nord_BereitstellungvonVerkehrsflachenund_anlagen_Investitionsmassnahmen_t2.csv
2,210,3,band2_p210_Bezirksvertretung_Muenster-Nord_BereitstellungvonVerkehrsflachenund_anlagen_Investitionsmassnahmen_t3.csv
2,210,4,band2_p210_Bezirksvertretung_Muenster-Nord_BereitstellungvonVerkehrsflachenund_anlagen_Investitionsmassnahmen_t4.csv
2,211,0,band2_p211_Bezirksvertretung_Muenster-Nord_BereitstellungvonVerkehrsflachenund_anlagen_Investitionsmassnahmen_t0.csv
2,211,1,band2_p211_Bezirksvertretung_Muenster-Nord_BereitstellungvonVerkehrsflachenund_anlagen_Investitionsmassnahmen_t1.csv
2,211,2,band2_p211_Bezirksvertretung_Muenster-Nord_BereitstellungvonVerkehrsflachenund_anlagen_Investitionsmassnahmen_t2.csv
2,211,3,band2_p211_Bezirksvertretung_Muenster-Nord_BereitstellungvonVerkehrsflachenund_anlagen_Investitionsmassnahmen_t3.csv
2,211,4,band2_p211_Bezirksvertretung_Muenster-Nord_BereitstellungvonVerkehrsflachenund_anlagen_Investitionsmassnahmen_t4.csv
2,211,5,band2_p211_Bezirksvertretung_Muenster-Nord_BereitstellungvonVerkehrsflachenund_anlagen_Investitionsmassnahmen_t5.csv
2,212,0,band2_p212_Bezirksvertretung_Muenster-Nord_Grun_undFreiflachen_Investitionsmassnahmen_t0.csv
2,212,1,band2_p212_Bezirksvertretung_Muenster-Nord_Grun_undFreiflachen_Investitionsmassnahmen_t1.csv
2,212,2,band2_p212_Bezirksvertretung_Muenster-Nord_Grun_undFreiflachen_Investitionsmassnahmen_t2.csv
2,212,3,band2_p212_Bezirksvertretung_Muenster-Nord_Grun_undFreiflachen_Investitionsmassnahmen_t3.csv
2,212,4,band2_p212_Bezirksvertretung_Muenster-Nord_Grun_undFreiflachen_Investitionsmassnahmen_t4.csv
2,213,0,band2_p213_Bezirksvertretung_Muenster-Nord_Grun_undFreiflachen_Investitionsmassnahmen_t0.csv
2,213,1,band2_p213_Bezirksvertretung_Muenster-Nord_Grun_undFreiflachen_Investitionsmassnahmen_t1.csv
2,214,0,band2_p214_Bezirksvertretung_Muenster-Nord_Friedhofe_Investitionsmassnahmen_t0.csv
2,214,1,band2_p214_Bezirksvertretung_Muenster-Nord_Friedhofe_Investitionsmassnahmen_t1.csv
2,214,2,band2_p214_Bezirksvertretung_Muenster-Nord_Friedhofe_Investitionsmassnahmen_t2.csv
2,215,0,band2_p215_Bezirksvertretung_Muenster-Nord_Natur_Landschaft_Erholung_Wasserschutz_Investitionsmassnahmen_t0.csv
2,215,1,band2_p215_Bezirksvertretung_Muenster-Nord_Natur_Landschaft_Erholung_Wasserschutz_Investitionsmassnahmen_t1.csv
2,215,2,band2_p215_Bezirksvertretung_Muenster-Nord_Natur_Landschaft_Erholung_Wasserschutz_Investitionsmassnahmen_t2.csv
2,218,0,band2_p218_Bezirksvertretung_Muenster-Ost_PG0101_Teilergebnisplan_t0.csv
2,221,0,band2_p221_Bezirksvertretung_Muenster-Ost_BrandschutzundfeuerwehrtechnischeHilfeleistung_Investitionsmassnahmen_t0.csv
2,221,1,band2_p221_Bezirksvertretung_Muenster-Ost_BrandschutzundfeuerwehrtechnischeHilfeleistung_Investitionsmassnahmen_t1.csv
2,221,2,band2_p221_Bezirksvertretung_Muenster-Ost_BrandschutzundfeuerwehrtechnischeHilfeleistung_Investitionsmassnahmen_t2.csv
2,221,3,band2_p221_Bezirksvertretung_Muenster-Ost_BrandschutzundfeuerwehrtechnischeHilfeleistung_Investitionsmassnahmen_t3.csv
2,221,4,band2_p221_Bezirksvertretung_Muenster-Ost_BrandschutzundfeuerwehrtechnischeHilfeleistung_Investitionsmassnahmen_t4.csv
2,222,0,band2_p222_Bezirksvertretung_Muenster-Ost_LeistungenfurSchulen_Investitionsmassnahmen_t0.csv
2,222,1,band2_p222_Bezirksvertretung_Muenster-Ost_LeistungenfurSchulen_Investitionsmassnahmen_t1.csv
2,222,2,band2_p222_Bezirksvertretung_Muenster-Ost_LeistungenfurSchulen_Investitionsmassnahmen_t2.csv
2,222,3,band2_p222_Bezirksvertretung_Muenster-Ost_LeistungenfurSchulen_Investitionsmassnahmen_t3.csv
2,222,4,band2_p222_Bezirksvertretung_Muenster-Ost_LeistungenfurSchulen_Investitionsmassnahmen_t4.csv
2,223,0,band2_p223_Bezirksvertretung_Muenster-Ost_LeistungenfurSchulen_Investitionsmassnahmen_t0.csv
2,223,1,band2_p223_Bezirksvertretung_Muenster-Ost_LeistungenfurSchulen_Investitionsmassnahmen_t1.csv
2,223,2,band2_p223_Bezirksvertretung_Muenster-Ost_LeistungenfurSchulen_Investitionsmassnahmen_t2.csv
2,223,3,band2_p223_Bezirksvertretung_Muenster-Ost_LeistungenfurSchulen_Investitionsmassnahmen_t3.csv
2,223,4,band2_p223_Bezirksvertretung_Muenster-Ost_LeistungenfurSchulen_Investitionsmassnahmen_t4.csv
2,224,0,band2_p224_Bezirksvertretung_Muenster-Ost_LeistungenfurSchulen_Investitionsmassnahmen_t0.csv
2,224,1,band2_p224_Bezirksvertretung_Muenster-Ost_LeistungenfurSchulen_Investitionsmassnahmen_t1.csv
2,224,2,band2_p224_Bezirksvertretung_Muenster-Ost_LeistungenfurSchulen_Investitionsmassnahmen_t2.csv
2,224,3,band2_p224_Bezirksvertretung_Muenster-Ost_LeistungenfurSchulen_Investitionsmassnahmen_t3.csv
2,225,0,band2_p225_Bezirksvertretung_Muenster-Ost_LeistungenfurSchulen_Investitionsmassnahmen_t0.csv
2,225,1,band2_p225_Bezirksvertretung_Muenster-Ost_LeistungenfurSchulen_Investitionsmassnahmen_t1.csv
2,225,2,band2_p225_Bezirksvertretung_Muenster-Ost_LeistungenfurSchulen_Investitionsmassnahmen_t2.csv
2,225,3,band2_p225_Bezirksvertretung_Muenster-Ost_LeistungenfurSchulen_Investitionsmassnahmen_t3.csv
2,226,0,band2_p226_Bezirksvertretung_Muenster-Ost_LeistungenfurSchulen_Investitionsmassnahmen_t0.csv
2,226,1,band2_p226_Bezirksvertretung_Muenster-Ost_LeistungenfurSchulen_Investitionsmassnahmen_t1.csv
2,226,2,band2_p226_Bezirksvertretung_Muenster-Ost_LeistungenfurSchulen_Investitionsmassnahmen_t2.csv
2,226,3,band2_p226_Bezirksvertretung_Muenster-Ost_LeistungenfurSchulen_Investitionsmassnahmen_t3.csv
2,226,4,band2_p226_Bezirksvertretung_Muenster-Ost_LeistungenfurSchulen_Investitionsmassnahmen_t4.csv
2,227,0,band2_p227_Bezirksvertretung_Muenster-Ost_ForderungvonKinderninTagesbetreuung_Investitionsmassnahmen_t0.csv
2,227,1,band2_p227_Bezirksvertretung_Muenster-Ost_ForderungvonKinderninTagesbetreuung_Investitionsmassnahmen_t1.csv
2,227,2,band2_p227_Bezirksvertretung_Muenster-Ost_ForderungvonKinderninTagesbetreuung_Investitionsmassnahmen_t2.csv
2,227,3,band2_p227_Bezirksvertretung_Muenster-Ost_ForderungvonKinderninTagesbetreuung_Investitionsmassnahmen_t3.csv
2,228,0,band2_p228_Bezirksvertretung_Muenster-Ost_ForderungvonKinderninTagesbetreuung_Investitionsmassnahmen_t0.csv
2,228,1,band2_p228_Bezirksvertretung_Muenster-Ost_ForderungvonKinderninTagesbetreuung_Investitionsmassnahmen_t1.csv
2,228,2,band2_p228_Bezirksvertretung_Muenster-Ost_ForderungvonKinderninTagesbetreuung_Investitionsmassnahmen_t2.csv
2,228,3,band2_p228_Bezirksvertretung_Muenster-Ost_ForderungvonKinderninTagesbetreuung_Investitionsmassnahmen_t3.csv
2,228,4,band2_p228_Bezirksvertretung_Muenster-Ost_ForderungvonKinderninTagesbetreuung_Investitionsmassnahmen_t4.csv
2,229,0,band2_p229_Bezirksvertretung_Muenster-Ost_Sportinfrastruktur_Sportforderung_Sportveranstaltungen_Investitionsmassnahmen_t0.csv
2,229,1,band2_p229_Bezirksvertretung_Muenster-Ost_Sportinfrastruktur_Sportforderung_Sportveranstaltungen_Investitionsmassnahmen_t1.csv
2,229,2,band2_p229_Bezirksvertretung_Muenster-Ost_Sportinfrastruktur_Sportforderung_Sportveranstaltungen_Investitionsmassnahmen_t2.csv
2,229,3,band2_p229_Bezirksvertretung_Muenster-Ost_Sportinfrastruktur_Sportforderung_Sportveranstaltungen_Investitionsmassnahmen_t3.csv
2,230,0,band2_p230_Bezirksvertretung_Muenster-Ost_Sportinfrastruktur_Sportforderung_Sportveranstaltungen_Investitionsmassnahmen_t0.csv
2,230,1,band2_p230_Bezirksvertretung_Muenster-Ost_Sportinfrastruktur_Sportforderung_Sportveranstaltungen_Investitionsmassnahmen_t1.csv
2,230,2,band2_p230_Bezirksvertretung_Muenster-Ost_Sportinfrastruktur_Sportforderung_Sportveranstaltungen_Investitionsmassnahmen_t2.csv
2,230,3,band2_p230_Bezirksvertretung_Muenster-Ost_Sportinfrastruktur_Sportforderung_Sportveranstaltungen_Investitionsmassnahmen_t3.csv
2,231,0,band2_p231_Bezirksvertretung_Muenster-Ost_Bader_Investitionsmassnahmen_t0.csv
2,231,1,band2_p231_Bezirksvertretung_Muenster-Ost_Bader_Investitionsmassnahmen_t1.csv
2,231,2,band2_p231_Bezirksvertretung_Muenster-Ost_Bader_Investitionsmassnahmen_t2.csv
2,232,0,band2_p232_Bezirksvertretung_Muenster-Ost_Stadt_undRegionalentwicklung_Stadtplanung_Investitionsmassnahmen_t0.csv
2,232,1,band2_p232_Bezirksvertretung_Muenster-Ost_Stadt_undRegionalentwicklung_Stadtplanung_Investitionsmassnahmen_t1.csv
2,232,2,band2_p232_Bezirksvertretung_Muenster-Ost_Stadt_undRegionalentwicklung_Stadtplanung_Investitionsmassnahmen_t2.csv
2,233,0,band2_p233_Bezirksvertretung_Muenster-Ost_Abwasserbeseitigung_Investitionsmassnahmen_t0.csv
2,233,1,band2_p233_Bezirksvertretung_Muenster-Ost_Abwasserbeseitigung_Investitionsmassnahmen_t1.csv
2,233,2,band2_p233_Bezirksvertretung_Muenster-Ost_Abwasserbeseitigung_Investitionsmassnahmen_t2.csv
2,233,3,band2_p233_Bezirksvertretung_Muenster-Ost_Abwasserbeseitigung_Investitionsmassnahmen_t3.csv
2,233,4,band2_p233_Bezirksvertretung_Muenster-Ost_Abwasserbeseitigung_Investitionsmassnahmen_t4.csv
2,234,0,band2_p234_Bezirksvertretung_Muenster-Ost_BereitstellungvonVerkehrsflachenund_anlagen_Investitionsmassnahmen_t0.csv
2,234,1,band2_p234_Bezirksvertretung_Muenster-Ost_BereitstellungvonVerkehrsflachenund_anlagen_Investitionsmassnahmen_t1.csv
2,234,2,band2_p234_Bezirksvertretung_Muenster-Ost_BereitstellungvonVerkehrsflachenund_anlagen_Investitionsmassnahmen_t2.csv
2,234,3,band2_p234_Bezirksvertretung_Muenster-Ost_BereitstellungvonVerkehrsflachenund_anlagen_Investitionsmassnahmen_t3.csv
2,235,0,band2_p235_Bezirksvertretung_Muenster-Ost_BereitstellungvonVerkehrsflachenund_anlagen_Investitionsmassnahmen_t0.csv
2,235,1,band2_p235_Bezirksvertretung_Muenster-Ost_BereitstellungvonVerkehrsflachenund_anlagen_Investitionsmassnahmen_t1.csv
2,235,2,band2_p235_Bezirksvertretung_Muenster-Ost_BereitstellungvonVerkehrsflachenund_anlagen_Investitionsmassnahmen_t2.csv
2,235,3,band2_p235_Bezirksvertretung_Muenster-Ost_BereitstellungvonVerkehrsflachenund_anlagen_Investitionsmassnahmen_t3.csv
2,236,0,band2_p236_Bezirksvertretung_Muenster-Ost_Grun_undFreiflachen_Investitionsmassnahmen_t0.csv
2,236,1,band2_p236_Bezirksvertretung_Muenster-Ost_Grun_undFreiflachen_Investitionsmassnahmen_t1.csv
2,236,2,band2_p236_Bezirksvertretung_Muenster-Ost_Grun_undFreiflachen_Investitionsmassnahmen_t2.csv
2,236,3,band2_p236_Bezirksvertretung_Muenster-Ost_Grun_undFreiflachen_Investitionsmassnahmen_t3.csv
2,236,4,band2_p236_Bezirksvertretung_Muenster-Ost_Grun_undFreiflachen_Investitionsmassnahmen_t4.csv
2,237,0,band2_p237_Bezirksvertretung_Muenster-Ost_Grun_undFreiflachen_Investitionsmassnahmen_t0.csv
2,237,1,band2_p237_Bezirksvertretung_Muenster-Ost_Grun_undFreiflachen_Investitionsmassnahmen_t1.csv
2,237,2,band2_p237_Bezirksvertretung_Muenster-Ost_Grun_undFreiflachen_Investitionsmassnahmen_t2.csv
2,237,3,band2_p237_Bezirksvertretung_Muenster-Ost_Grun_undFreiflachen_Investitionsmassnahmen_t3.csv
2,237,4,band2_p237_Bezirksvertretung_Muenster-Ost_Grun_undFreiflachen_Investitionsmassnahmen_t4.csv
2,238,0,band2_p238_Bezirksvertretung_Muenster-Ost_Friedhofe_Investitionsmassnahmen_t0.csv
2,238,1,band2_p238_Bezirksvertretung_Muenster-Ost_Friedhofe_Investitionsmassnahmen_t1.csv
2,238,2,band2_p238_Bezirksvertretung_Muenster-Ost_Friedhofe_Investitionsmassnahmen_t2.csv
2,239,0,band2_p239_Bezirksvertretung_Muenster-Ost_Natur_Landschaft_Erholung_Wasserschutz_Investitionsmassnahmen_t0.csv
2,239,1,band2_p239_Bezirksvertretung_Muenster-Ost_Natur_Landschaft_Erholung_Wasserschutz_Investitionsmassnahmen_t1.csv
2,239,2,band2_p239_Bezirksvertretung_Muenster-Ost_Natur_Landschaft_Erholung_Wasserschutz_Investitionsmassnahmen_t2.csv
2,240,0,band2_p240_Bezirksvertretung_Muenster-Ost_FliessendeGewasser_Investitionsmassnahmen_t0.csv
2,240,1,band2_p240_Bezirksvertretung_Muenster-Ost_FliessendeGewasser_Investitionsmassnahmen_t1.csv
2,242,0,band2_p242_Bezirksvertretung_Muenster-Suedost_PG0101_Teilergebnisplan_t0.csv
2,245,0,band2_p245_Bezirksvertretung_Muenster-Suedost_Immobilienmanagement_Investitionsmassnahmen_t0.csv
2,245,1,band2_p245_Bezirksvertretung_Muenster-Suedost_Immobilienmanagement_Investitionsmassnahmen_t1.csv
2,245,2,band2_p245_Bezirksvertretung_Muenster-Suedost_Immobilienmanagement_Investitionsmassnahmen_t2.csv
2,246,0,band2_p246_Bezirksvertretung_Muenster-Suedost_BrandschutzundfeuerwehrtechnischeHilfeleistung_Investitionsmassnahmen_t0.csv
2,246,1,band2_p246_Bezirksvertretung_Muenster-Suedost_BrandschutzundfeuerwehrtechnischeHilfeleistung_Investitionsmassnahmen_t1.csv
2,246,2,band2_p246_Bezirksvertretung_Muenster-Suedost_BrandschutzundfeuerwehrtechnischeHilfeleistung_Investitionsmassnahmen_t2.csv
2,246,3,band2_p246_Bezirksvertretung_Muenster-Suedost_BrandschutzundfeuerwehrtechnischeHilfeleistung_Investitionsmassnahmen_t3.csv
2,246,4,band2_p246_Bezirksvertretung_Muenster-Suedost_BrandschutzundfeuerwehrtechnischeHilfeleistung_Investitionsmassnahmen_t4.csv
2,247,0,band2_p247_Bezirksvertretung_Muenster-Suedost_Rettungsdienst_Investitionsmassnahmen_t0.csv
2,247,1,band2_p247_Bezirksvertretung_Muenster-Suedost_Rettungsdienst_Investitionsmassnahmen_t1.csv
2,248,0,band2_p248_Bezirksvertretung_Muenster-Suedost_LeistungenfurSchulen_Investitionsmassnahmen_t0.csv
2,248,1,band2_p248_Bezirksvertretung_Muenster-Suedost_LeistungenfurSchulen_Investitionsmassnahmen_t1.csv
2,248,2,band2_p248_Bezirksvertretung_Muenster-Suedost_LeistungenfurSchulen_Investitionsmassnahmen_t2.csv
2,248,3,band2_p248_Bezirksvertretung_Muenster-Suedost_LeistungenfurSchulen_Investitionsmassnahmen_t3.csv
2,248,4,band2_p248_Bezirksvertretung_Muenster-Suedost_LeistungenfurSchulen_Investitionsmassnahmen_t4.csv
2,249,0,band2_p249_Bezirksvertretung_Muenster-Suedost_LeistungenfurSchulen_Investitionsmassnahmen_t0.csv
2,249,1,band2_p249_Bezirksvertretung_Muenster-Suedost_LeistungenfurSchulen_Investitionsmassnahmen_t1.csv
2,249,2,band2_p249_Bezirksvertretung_Muenster-Suedost_LeistungenfurSchulen_Investitionsmassnahmen_t2.csv
2,249,3,band2_p249_Bezirksvertretung_Muenster-Suedost_LeistungenfurSchulen_Investitionsmassnahmen_t3.csv
2,249,4,band2_p249_Bezirksvertretung_Muenster-Suedost_LeistungenfurSchulen_Investitionsmassnahmen_t4.csv
2,250,0,band2_p250_Bezirksvertretung_Muenster-Suedost_LeistungenfurSchulen_Investitionsmassnahmen_t0.csv
2,250,1,band2_p250_Bezirksvertretung_Muenster-Suedost_LeistungenfurSchulen_Investitionsmassnahmen_t1.csv
2,250,2,band2_p250_Bezirksvertretung_Muenster-Suedost_LeistungenfurSchulen_Investitionsmassnahmen_t2.csv
2,250,3,band2_p250_Bezirksvertretung_Muenster-Suedost_LeistungenfurSchulen_Investitionsmassnahmen_t3.csv
2,251,0,band2_p251_Bezirksvertretung_Muenster-Suedost_LeistungenfurSchulen_Investitionsmassnahmen_t0.csv
2,251,1,band2_p251_Bezirksvertretung_Muenster-Suedost_LeistungenfurSchulen_Investitionsmassnahmen_t1.csv
2,251,2,band2_p251_Bezirksvertretung_Muenster-Suedost_LeistungenfurSchulen_Investitionsmassnahmen_t2.csv
2,251,3,band2_p251_Bezirksvertretung_Muenster-Suedost_LeistungenfurSchulen_Investitionsmassnahmen_t3.csv
2,252,0,band2_p252_Bezirksvertretung_Muenster-Suedost_LeistungenfurSchulen_Investitionsmassnahmen_t0.csv
2,252,1,band2_p252_Bezirksvertretung_Muenster-Suedost_LeistungenfurSchulen_Investitionsmassnahmen_t1.csv
2,252,2,band2_p252_Bezirksvertretung_Muenster-Suedost_LeistungenfurSchulen_Investitionsmassnahmen_t2.csv
2,252,3,band2_p252_Bezirksvertretung_Muenster-Suedost_LeistungenfurSchulen_Investitionsmassnahmen_t3.csv
2,252,4,band2_p252_Bezirksvertretung_Muenster-Suedost_LeistungenfurSchulen_Investitionsmassnahmen_t4.csv
2,253,0,band2_p253_Bezirksvertretung_Muenster-Suedost_LeistungenfurSchulen_Investitionsmassnahmen_t0.csv
2,253,1,band2_p253_Bezirksvertretung_Muenster-Suedost_LeistungenfurSchulen_Investitionsmassnahmen_t1.csv
2,253,2,band2_p253_Bezirksvertretung_Muenster-Suedost_LeistungenfurSchulen_Investitionsmassnahmen_t2.csv
2,253,3,band2_p253_Bezirksvertretung_Muenster-Suedost_LeistungenfurSchulen_Investitionsmassnahmen_t3.csv
2,254,0,band2_p254_Bezirksvertretung_Muenster-Suedost_Kulturmanagement_Kulturforderung_Investitionsmassnahmen_t0.csv
2,254,1,band2_p254_Bezirksvertretung_Muenster-Suedost_Kulturmanagement_Kulturforderung_Investitionsmassnahmen_t1.csv
2,254,2,band2_p254_Bezirksvertretung_Muenster-Suedost_Kulturmanagement_Kulturforderung_Investitionsmassnahmen_t2.csv
2,255,0,band2_p255_Bezirksvertretung_Muenster-Suedost_ForderungvonKinderninTagesbetreuung_Investitionsmassnahmen_t0.csv
2,255,1,band2_p255_Bezirksvertretung_Muenster-Suedost_ForderungvonKinderninTagesbetreuung_Investitionsmassnahmen_t1.csv
2,255,2,band2_p255_Bezirksvertretung_Muenster-Suedost_ForderungvonKinderninTagesbetreuung_Investitionsmassnahmen_t2.csv
2,255,3,band2_p255_Bezirksvertretung_Muenster-Suedost_ForderungvonKinderninTagesbetreuung_Investitionsmassnahmen_t3.csv
2,256,0,band2_p256_Bezirksvertretung_Muenster-Suedost_ForderungvonKinderninTagesbetreuung_Investitionsmassnahmen_t0.csv
2,256,1,band2_p256_Bezirksvertretung_Muenster-Suedost_ForderungvonKinderninTagesbetreuung_Investitionsmassnahmen_t1.csv
2,256,2,band2_p256_Bezirksvertretung_Muenster-Suedost_ForderungvonKinderninTagesbetreuung_Investitionsmassnahmen_t2.csv
2,256,3,band2_p256_Bezirksvertretung_Muenster-Suedost_ForderungvonKinderninTagesbetreuung_Investitionsmassnahmen_t3.csv
2,257,0,band2_p257_Bezirksvertretung_Muenster-Suedost_Sportinfrastruktur_Sportforderung_Sportveranstaltungen_Investitionsmassnahmen_t0.csv
2,257,1,band2_p257_Bezirksvertretung_Muenster-Suedost_Sportinfrastruktur_Sportforderung_Sportveranstaltungen_Investitionsmassnahmen_t1.csv
2,257,2,band2_p257_Bezirksvertretung_Muenster-Suedost_Sportinfrastruktur_Sportforderung_Sportveranstaltungen_Investitionsmassnahmen_t2.csv
2,257,3,band2_p257_Bezirksvertretung_Muenster-Suedost_Sportinfrastruktur_Sportforderung_Sportveranstaltungen_Investitionsmassnahmen_t3.csv
2,258,0,band2_p258_Bezirksvertretung_Muenster-Suedost_Sportinfrastruktur_Sportforderung_Sportveranstaltungen_Investitionsmassnahmen_t0.csv
2,258,1,band2_p258_Bezirksvertretung_Muenster-Suedost_Sportinfrastruktur_Sportforderung_Sportveranstaltungen_Investitionsmassnahmen_t1.csv
2,258,2,band2_p258_Bezirksvertretung_Muenster-Suedost_Sportinfrastruktur_Sportforderung_Sportveranstaltungen_Investitionsmassnahmen_t2.csv
2,258,3,band2_p258_Bezirksvertretung_Muenster-Suedost_Sportinfrastruktur_Sportforderung_Sportveranstaltungen_Investitionsmassnahmen_t3.csv
2,259,0,band2_p259_Bezirksvertretung_Muenster-Suedost_Bader_Investitionsmassnahmen_t0.csv
2,259,1,band2_p259_Bezirksvertretung_Muenster-Suedost_Bader_Investitionsmassnahmen_t1.csv
2,260,0,band2_p260_Bezirksvertretung_Muenster-Suedost_Stadt_undRegionalentwicklung_Stadtplanung_Investitionsmassnahmen_t0.csv
2,260,1,band2_p260_Bezirksvertretung_Muenster-Suedost_Stadt_undRegionalentwicklung_Stadtplanung_Investitionsmassnahmen_t1.csv
2,260,2,band2_p260_Bezirksvertretung_Muenster-Suedost_Stadt_undRegionalentwicklung_Stadtplanung_Investitionsmassnahmen_t2.csv
2,261,0,band2_p261_Bezirksvertretung_Muenster-Suedost_Abwasserbeseitigung_Investitionsmassnahmen_t0.csv
2,261,1,band2_p261_Bezirksvertretung_Muenster-Suedost_Abwasserbeseitigung_Investitionsmassnahmen_t1.csv
2,261,2,band2_p261_Bezirksvertretung_Muenster-Suedost_Abwasserbeseitigung_Investitionsmassnahmen_t2.csv
2,261,3,band2_p261_Bezirksvertretung_Muenster-Suedost_Abwasserbeseitigung_Investitionsmassnahmen_t3.csv
2,261,4,band2_p261_Bezirksvertretung_Muenster-Suedost_Abwasserbeseitigung_Investitionsmassnahmen_t4.csv
2,262,0,band2_p262_Bezirksvertretung_Muenster-Suedost_Abwasserbeseitigung_Investitionsmassnahmen_t0.csv
2,262,1,band2_p262_Bezirksvertretung_Muenster-Suedost_Abwasserbeseitigung_Investitionsmassnahmen_t1.csv
2,262,2,band2_p262_Bezirksvertretung_Muenster-Suedost_Abwasserbeseitigung_Investitionsmassnahmen_t2.csv
2,262,3,band2_p262_Bezirksvertretung_Muenster-Suedost_Abwasserbeseitigung_Investitionsmassnahmen_t3.csv
2,262,4,band2_p262_Bezirksvertretung_Muenster-Suedost_Abwasserbeseitigung_Investitionsmassnahmen_t4.csv
2,263,0,band2_p263_Bezirksvertretung_Muenster-Suedost_Abwasserbeseitigung_Investitionsmassnahmen_t0.csv
2,263,1,band2_p263_Bezirksvertretung_Muenster-Suedost_Abwasserbeseitigung_Investitionsmassnahmen_t1.csv
2,264,0,band2_p264_Bezirksvertretung_Muenster-Suedost_BereitstellungvonVerkehrsflachenund_anlagen_Investitionsmassnahmen_t0.csv
2,264,1,band2_p264_Bezirksvertretung_Muenster-Suedost_BereitstellungvonVerkehrsflachenund_anlagen_Investitionsmassnahmen_t1.csv
2,264,2,band2_p264_Bezirksvertretung_Muenster-Suedost_BereitstellungvonVerkehrsflachenund_anlagen_Investitionsmassnahmen_t2.csv
2,264,3,band2_p264_Bezirksvertretung_Muenster-Suedost_BereitstellungvonVerkehrsflachenund_anlagen_Investitionsmassnahmen_t3.csv
2,264,4,band2_p264_Bezirksvertretung_Muenster-Suedost_BereitstellungvonVerkehrsflachenund_anlagen_Investitionsmassnahmen_t4.csv
2,265,0,band2_p265_Bezirksvertretung_Muenster-Suedost_BereitstellungvonVerkehrsflachenund_anlagen_Investitionsmassnahmen_t0.csv
2,265,1,band2_p265_Bezirksvertretung_Muenster-Suedost_BereitstellungvonVerkehrsflachenund_anlagen_Investitionsmassnahmen_t1.csv
2,265,2,band2_p265_Bezirksvertretung_Muenster-Suedost_BereitstellungvonVerkehrsflachenund_anlagen_Investitionsmassnahmen_t2.csv
2,265,3,band2_p265_Bezirksvertretung_Muenster-Suedost_BereitstellungvonVerkehrsflachenund_anlagen_Investitionsmassnahmen_t3.csv
2,265,4,band2_p265_Bezirksvertretung_Muenster-Suedost_BereitstellungvonVerkehrsflachenund_anlagen_Investitionsmassnahmen_t4.csv
2,266,0,band2_p266_Bezirksvertretung_Muenster-Suedost_BereitstellungvonVerkehrsflachenund_anlagen_Investitionsmassnahmen_t0.csv
2,266,1,band2_p266_Bezirksvertretung_Muenster-Suedost_BereitstellungvonVerkehrsflachenund_anlagen_Investitionsmassnahmen_t1.csv
2,266,2,band2_p266_Bezirksvertretung_Muenster-Suedost_BereitstellungvonVerkehrsflachenund_anlagen_Investitionsmassnahmen_t2.csv
2,266,3,band2_p266_Bezirksvertretung_Muenster-Suedost_BereitstellungvonVerkehrsflachenund_anlagen_Investitionsmassnahmen_t3.csv
2,267,0,band2_p267_Bezirksvertretung_Muenster-Suedost_Grun_undFreiflachen_Investitionsmassnahmen_t0.csv
2,267,1,band2_p267_Bezirksvertretung_Muenster-Suedost_Grun_undFreiflachen_Investitionsmassnahmen_t1.csv
2,267,2,band2_p267_Bezirksvertretung_Muenster-Suedost_Grun_undFreiflachen_Investitionsmassnahmen_t2.csv
2,267,3,band2_p267_Bezirksvertretung_Muenster-Suedost_Grun_undFreiflachen_Investitionsmassnahmen_t3.csv
2,267,4,band2_p267_Bezirksvertretung_Muenster-Suedost_Grun_undFreiflachen_Investitionsmassnahmen_t4.csv
2,268,0,band2_p268_Bezirksvertretung_Muenster-Suedost_Grun_undFreiflachen_Investitionsmassnahmen_t0.csv
2,268,1,band2_p268_Bezirksvertretung_Muenster-Suedost_Grun_undFreiflachen_Investitionsmassnahmen_t1.csv
2,268,2,band2_p268_Bezirksvertretung_Muenster-Suedost_Grun_undFreiflachen_Investitionsmassnahmen_t2.csv
2,268,3,band2_p268_Bezirksvertretung_Muenster-Suedost_Grun_undFreiflachen_Investitionsmassnahmen_t3.csv
2,269,0,band2_p269_Bezirksvertretung_Muenster-Suedost_Friedhofe_Investitionsmassnahmen_t0.csv
2,269,1,band2_p269_Bezirksvertretung_Muenster-Suedost_Friedhofe_Investitionsmassnahmen_t1.csv
2,269,2,band2_p269_Bezirksvertretung_Muenster-Suedost_Friedhofe_Investitionsmassnahmen_t2.csv
2,270,0,band2_p270_Bezirksvertretung_Muenster-Suedost_Natur_Landschaft_Erholung_Wasserschutz_Investitionsmassnahmen_t0.csv
2,270,1,band2_p270_Bezirksvertretung_Muenster-Suedost_Natur_Landschaft_Erholung_Wasserschutz_Investitionsmassnahmen_t1.csv
2,270,2,band2_p270_Bezirksvertretung_Muenster-Suedost_Natur_Landschaft_Erholung_Wasserschutz_Investitionsmassnahmen_t2.csv
2,272,0,band2_p272_Bezirksvertretung_Muenster-Hiltrup_PG0101_Teilergebnisplan_t0.csv
2,275,0,band2_p275_Bezirksvertretung_Muenster-Hiltrup_Immobilienmanagement_Investitionsmassnahmen_t0.csv
2,275,1,band2_p275_Bezirksvertretung_Muenster-Hiltrup_Immobilienmanagement_Investitionsmassnahmen_t1.csv
2,276,0,band2_p276_Bezirksvertretung_Muenster-Hiltrup_BrandschutzundfeuerwehrtechnischeHilfeleistung_Investitionsmassnahmen_t0.csv
2,276,1,band2_p276_Bezirksvertretung_Muenster-Hiltrup_BrandschutzundfeuerwehrtechnischeHilfeleistung_Investitionsmassnahmen_t1.csv
2,276,2,band2_p276_Bezirksvertretung_Muenster-Hiltrup_BrandschutzundfeuerwehrtechnischeHilfeleistung_Investitionsmassnahmen_t2.csv
2,276,3,band2_p276_Bezirksvertretung_Muenster-Hiltrup_BrandschutzundfeuerwehrtechnischeHilfeleistung_Investitionsmassnahmen_t3.csv
2,276,4,band2_p276_Bezirksvertretung_Muenster-Hiltrup_BrandschutzundfeuerwehrtechnischeHilfeleistung_Investitionsmassnahmen_t4.csv
2,276,5,band2_p276_Bezirksvertretung_Muenster-Hiltrup_BrandschutzundfeuerwehrtechnischeHilfeleistung_Investitionsmassnahmen_t5.csv
2,277,0,band2_p277_Bezirksvertretung_Muenster-Hiltrup_LeistungenfurSchulen_Investitionsmassnahmen_t0.csv
2,277,1,band2_p277_Bezirksvertretung_Muenster-Hiltrup_LeistungenfurSchulen_Investitionsmassnahmen_t1.csv
2,277,2,band2_p277_Bezirksvertretung_Muenster-Hiltrup_LeistungenfurSchulen_Investitionsmassnahmen_t2.csv
2,277,3,band2_p277_Bezirksvertretung_Muenster-Hiltrup_LeistungenfurSchulen_Investitionsmassnahmen_t3.csv
2,277,4,band2_p277_Bezirksvertretung_Muenster-Hiltrup_LeistungenfurSchulen_Investitionsmassnahmen_t4.csv
2,278,0,band2_p278_Bezirksvertretung_Muenster-Hiltrup_LeistungenfurSchulen_Investitionsmassnahmen_t0.csv
2,278,1,band2_p278_Bezirksvertretung_Muenster-Hiltrup_LeistungenfurSchulen_Investitionsmassnahmen_t1.csv
2,278,2,band2_p278_Bezirksvertretung_Muenster-Hiltrup_LeistungenfurSchulen_Investitionsmassnahmen_t2.csv
2,278,3,band2_p278_Bezirksvertretung_Muenster-Hiltrup_LeistungenfurSchulen_Investitionsmassnahmen_t3.csv
2,278,4,band2_p278_Bezirksvertretung_Muenster-Hiltrup_LeistungenfurSchulen_Investitionsmassnahmen_t4.csv
2,279,0,band2_p279_Bezirksvertretung_Muenster-Hiltrup_LeistungenfurSchulen_Investitionsmassnahmen_t0.csv
2,279,1,band2_p279_Bezirksvertretung_Muenster-Hiltrup_LeistungenfurSchulen_Investitionsmassnahmen_t1.csv
2,279,2,band2_p279_Bezirksvertretung_Muenster-Hiltrup_LeistungenfurSchulen_Investitionsmassnahmen_t2.csv
2,279,3,band2_p279_Bezirksvertretung_Muenster-Hiltrup_LeistungenfurSchulen_Investitionsmassnahmen_t3.csv
2,280,0,band2_p280_Bezirksvertretung_Muenster-Hiltrup_LeistungenfurSchulen_Investitionsmassnahmen_t0.csv
2,280,1,band2_p280_Bezirksvertretung_Muenster-Hiltrup_LeistungenfurSchulen_Investitionsmassnahmen_t1.csv
2,280,2,band2_p280_Bezirksvertretung_Muenster-Hiltrup_LeistungenfurSchulen_Investitionsmassnahmen_t2.csv
2,280,3,band2_p280_Bezirksvertretung_Muenster-Hiltrup_LeistungenfurSchulen_Investitionsmassnahmen_t3.csv
2,280,4,band2_p280_Bezirksvertretung_Muenster-Hiltrup_LeistungenfurSchulen_Investitionsmassnahmen_t4.csv
2,281,0,band2_p281_Bezirksvertretung_Muenster-Hiltrup_LeistungenfurSchulen_Investitionsmassnahmen_t0.csv
2,281,1,band2_p281_Bezirksvertretung_Muenster-Hiltrup_LeistungenfurSchulen_Investitionsmassnahmen_t1.csv
2,281,2,band2_p281_Bezirksvertretung_Muenster-Hiltrup_LeistungenfurSchulen_Investitionsmassnahmen_t2.csv
2,281,3,band2_p281_Bezirksvertretung_Muenster-Hiltrup_LeistungenfurSchulen_Investitionsmassnahmen_t3.csv
2,282,0,band2_p282_Bezirksvertretung_Muenster-Hiltrup_ForderungvonKinderninTagesbetreuung_Investitionsmassnahmen_t0.csv
2,282,1,band2_p282_Bezirksvertretung_Muenster-Hiltrup_ForderungvonKinderninTagesbetreuung_Investitionsmassnahmen_t1.csv
2,282,2,band2_p282_Bezirksvertretung_Muenster-Hiltrup_ForderungvonKinderninTagesbetreuung_Investitionsmassnahmen_t2.csv
2,282,3,band2_p282_Bezirksvertretung_Muenster-Hiltrup_ForderungvonKinderninTagesbetreuung_Investitionsmassnahmen_t3.csv
2,283,0,band2_p283_Bezirksvertretung_Muenster-Hiltrup_ForderungvonKinderninTagesbetreuung_Investitionsmassnahmen_t0.csv
2,283,1,band2_p283_Bezirksvertretung_Muenster-Hiltrup_ForderungvonKinderninTagesbetreuung_Investitionsmassnahmen_t1.csv
2,283,2,band2_p283_Bezirksvertretung_Muenster-Hiltrup_ForderungvonKinderninTagesbetreuung_Investitionsmassnahmen_t2.csv
2,283,3,band2_p283_Bezirksvertretung_Muenster-Hiltrup_ForderungvonKinderninTagesbetreuung_Investitionsmassnahmen_t3.csv
2,283,4,band2_p283_Bezirksvertretung_Muenster-Hiltrup_ForderungvonKinderninTagesbetreuung_Investitionsmassnahmen_t4.csv
2,284,0,band2_p284_Bezirksvertretung_Muenster-Hiltrup_Kinder_undJugendarbeit_Investitionsmassnahmen_t0.csv
2,284,1,band2_p284_Bezirksvertretung_Muenster-Hiltrup_Kinder_undJugendarbeit_Investitionsmassnahmen_t1.csv
2,285,0,band2_p285_Bezirksvertretung_Muenster-Hiltrup_Sportinfrastruktur_Sportforderung_Sportveranstaltungen_Investitionsmassnahmen_t0.csv
2,285,1,band2_p285_Bezirksvertretung_Muenster-Hiltrup_Sportinfrastruktur_Sportforderung_Sportveranstaltungen_Investitionsmassnahmen_t1.csv
2,285,2,band2_p285_Bezirksvertretung_Muenster-Hiltrup_Sportinfrastruktur_Sportforderung_Sportveranstaltungen_Investitionsmassnahmen_t2.csv
2,285,3,band2_p285_Bezirksvertretung_Muenster-Hiltrup_Sportinfrastruktur_Sportforderung_Sportveranstaltungen_Investitionsmassnahmen_t3.csv
2,286,0,band2_p286_Bezirksvertretung_Muenster-Hiltrup_Sportinfrastruktur_Sportforderung_Sportveranstaltungen_Investitionsmassnahmen_t0.csv
2,286,1,band2_p286_Bezirksvertretung_Muenster-Hiltrup_Sportinfrastruktur_Sportforderung_Sportveranstaltungen_Investitionsmassnahmen_t1.csv
2,286,2,band2_p286_Bezirksvertretung_Muenster-Hiltrup_Sportinfrastruktur_Sportforderung_Sportveranstaltungen_Investitionsmassnahmen_t2.csv
2,286,3,band2_p286_Bezirksvertretung_Muenster-Hiltrup_Sportinfrastruktur_Sportforderung_Sportveranstaltungen_Investitionsmassnahmen_t3.csv
2,286,4,band2_p286_Bezirksvertretung_Muenster-Hiltrup_Sportinfrastruktur_Sportforderung_Sportveranstaltungen_Investitionsmassnahmen_t4.csv
2,287,0,band2_p287_Bezirksvertretung_Muenster-Hiltrup_Bader_Investitionsmassnahmen_t0.csv
2,287,1,band2_p287_Bezirksvertretung_Muenster-Hiltrup_Bader_Investitionsmassnahmen_t1.csv
2,287,2,band2_p287_Bezirksvertretung_Muenster-Hiltrup_Bader_Investitionsmassnahmen_t2.csv
2,288,0,band2_p288_Bezirksvertretung_Muenster-Hiltrup_Stadt_undRegionalentwicklung_Stadtplanung_Investitionsmassnahmen_t0.csv
2,288,1,band2_p288_Bezirksvertretung_Muenster-Hiltrup_Stadt_undRegionalentwicklung_Stadtplanung_Investitionsmassnahmen_t1.csv
2,288,2,band2_p288_Bezirksvertretung_Muenster-Hiltrup_Stadt_undRegionalentwicklung_Stadtplanung_Investitionsmassnahmen_t2.csv
2,289,0,band2_p289_Bezirksvertretung_Muenster-Hiltrup_Abwasserbeseitigung_Investitionsmassnahmen_t0.csv
2,289,1,band2_p289_Bezirksvertretung_Muenster-Hiltrup_Abwasserbeseitigung_Investitionsmassnahmen_t1.csv
2,289,2,band2_p289_Bezirksvertretung_Muenster-Hiltrup_Abwasserbeseitigung_Investitionsmassnahmen_t2.csv
2,289,3,band2_p289_Bezirksvertretung_Muenster-Hiltrup_Abwasserbeseitigung_Investitionsmassnahmen_t3.csv
2,289,4,band2_p289_Bezirksvertretung_Muenster-Hiltrup_Abwasserbeseitigung_Investitionsmassnahmen_t4.csv
2,289,5,band2_p289_Bezirksvertretung_Muenster-Hiltrup_Abwasserbeseitigung_Investitionsmassnahmen_t5.csv
2,290,0,band2_p290_Bezirksvertretung_Muenster-Hiltrup_Abwasserbeseitigung_Investitionsmassnahmen_t0.csv
2,290,1,band2_p290_Bezirksvertretung_Muenster-Hiltrup_Abwasserbeseitigung_Investitionsmassnahmen_t1.csv
2,291,0,band2_p291_Bezirksvertretung_Muenster-Hiltrup_BereitstellungvonVerkehrsflachenund_anlagen_Investitionsmassnahmen_t0.csv
2,291,1,band2_p291_Bezirksvertretung_Muenster-Hiltrup_BereitstellungvonVerkehrsflachenund_anlagen_Investitionsmassnahmen_t1.csv
2,291,2,band2_p291_Bezirksvertretung_Muenster-Hiltrup_BereitstellungvonVerkehrsflachenund_anlagen_Investitionsmassnahmen_t2.csv
2,291,3,band2_p291_Bezirksvertretung_Muenster-Hiltrup_BereitstellungvonVerkehrsflachenund_anlagen_Investitionsmassnahmen_t3.csv
2,291,4,band2_p291_Bezirksvertretung_Muenster-Hiltrup_BereitstellungvonVerkehrsflachenund_anlagen_Investitionsmassnahmen_t4.csv
2,292,0,band2_p292_Bezirksvertretung_Muenster-Hiltrup_BereitstellungvonVerkehrsflachenund_anlagen_Investitionsmassnahmen_t0.csv
2,292,1,band2_p292_Bezirksvertretung_Muenster-Hiltrup_BereitstellungvonVerkehrsflachenund_anlagen_Investitionsmassnahmen_t1.csv
2,292,2,band2_p292_Bezirksvertretung_Muenster-Hiltrup_BereitstellungvonVerkehrsflachenund_anlagen_Investitionsmassnahmen_t2.csv
2,292,3,band2_p292_Bezirksvertretung_Muenster-Hiltrup_BereitstellungvonVerkehrsflachenund_anlagen_Investitionsmassnahmen_t3.csv
2,292,4,band2_p292_Bezirksvertretung_Muenster-Hiltrup_BereitstellungvonVerkehrsflachenund_anlagen_Investitionsmassnahmen_t4.csv
2,293,0,band2_p293_Bezirksvertretung_Muenster-Hiltrup_Grun_undFreiflachen_Investitionsmassnahmen_t0.csv
2,293,1,band2_p293_Bezirksvertretung_Muenster-Hiltrup_Grun_undFreiflachen_Investitionsmassnahmen_t1.csv
2,293,2,band2_p293_Bezirksvertretung_Muenster-Hiltrup_Grun_undFreiflachen_Investitionsmassnahmen_t2.csv
2,293,3,band2_p293_Bezirksvertretung_Muenster-Hiltrup_Grun_undFreiflachen_Investitionsmassnahmen_t3.csv
2,293,4,band2_p293_Bezirksvertretung_Muenster-Hiltrup_Grun_undFreiflachen_Investitionsmassnahmen_t4.csv
2,294,0,band2_p294_Bezirksvertretung_Muenster-Hiltrup_Grun_undFreiflachen_Investitionsmassnahmen_t0.csv
2,294,1,band2_p294_Bezirksvertretung_Muenster-Hiltrup_Grun_undFreiflachen_Investitionsmassnahmen_t1.csv
2,294,2,band2_p294_Bezirksvertretung_Muenster-Hiltrup_Grun_undFreiflachen_Investitionsmassnahmen_t2.csv
2,295,0,band2_p295_Bezirksvertretung_Muenster-Hiltrup_Friedhofe_Investitionsmassnahmen_t0.csv
2,295,1,band2_p295_Bezirksvertretung_Muenster-Hiltrup_Friedhofe_Investitionsmassnahmen_t1.csv
2,295,2,band2_p295_Bezirksvertretung_Muenster-Hiltrup_Friedhofe_Investitionsmassnahmen_t2.csv
2,296,0,band2_p296_Bezirksvertretung_Muenster-Hiltrup_Natur_Landschaft_Erholung_Wasserschutz_Investitionsmassnahmen_t0.csv
2,296,1,band2_p296_Bezirksvertretung_Muenster-Hiltrup_Natur_Landschaft_Erholung_Wasserschutz_Investitionsmassnahmen_t1.csv
2,296,2,band2_p296_Bezirksvertretung_Muenster-Hiltrup_Natur_Landschaft_Erholung_Wasserschutz_Investitionsmassnahmen_t2.csv
2,298,0,band2_p298_Bezirksvertretung_Muenster-West_PG0101_Teilergebnisplan_t0.csv
2,301,0,band2_p301_Bezirksvertretung_Muenster-West_Immobilienmanagement_Investitionsmassnahmen_t0.csv
2,301,1,band2_p301_Bezirksvertretung_Muenster-West_Immobilienmanagement_Investitionsmassnahmen_t1.csv
2,302,0,band2_p302_Bezirksvertretung_Muenster-West_BrandschutzundfeuerwehrtechnischeHilfeleistung_Investitionsmassnahmen_t0.csv
2,302,1,band2_p302_Bezirksvertretung_Muenster-West_BrandschutzundfeuerwehrtechnischeHilfeleistung_Investitionsmassnahmen_t1.csv
2,302,2,band2_p302_Bezirksvertretung_Muenster-West_BrandschutzundfeuerwehrtechnischeHilfeleistung_Investitionsmassnahmen_t2.csv
2,302,3,band2_p302_Bezirksvertretung_Muenster-West_BrandschutzundfeuerwehrtechnischeHilfeleistung_Investitionsmassnahmen_t3.csv
2,302,4,band2_p302_Bezirksvertretung_Muenster-West_BrandschutzundfeuerwehrtechnischeHilfeleistung_Investitionsmassnahmen_t4.csv
2,302,5,band2_p302_Bezirksvertretung_Muenster-West_BrandschutzundfeuerwehrtechnischeHilfeleistung_Investitionsmassnahmen_t5.csv
2,303,0,band2_p303_Bezirksvertretung_Muenster-West_LeistungenfurSchulen_Investitionsmassnahmen_t0.csv
2,303,1,band2_p303_Bezirksvertretung_Muenster-West_LeistungenfurSchulen_Investitionsmassnahmen_t1.csv
2,303,2,band2_p303_Bezirksvertretung_Muenster-West_LeistungenfurSchulen_Investitionsmassnahmen_t2.csv
2,303,3,band2_p303_Bezirksvertretung_Muenster-West_LeistungenfurSchulen_Investitionsmassnahmen_t3.csv
2,303,4,band2_p303_Bezirksvertretung_Muenster-West_LeistungenfurSchulen_Investitionsmassnahmen_t4.csv
2,304,0,band2_p304_Bezirksvertretung_Muenster-West_LeistungenfurSchulen_Investitionsmassnahmen_t0.csv
2,304,1,band2_p304_Bezirksvertretung_Muenster-West_LeistungenfurSchulen_Investitionsmassnahmen_t1.csv
2,304,2,band2_p304_Bezirksvertretung_Muenster-West_LeistungenfurSchulen_Investitionsmassnahmen_t2.csv
2,304,3,band2_p304_Bezirksvertretung_Muenster-West_LeistungenfurSchulen_Investitionsmassnahmen_t3.csv
2,304,4,band2_p304_Bezirksvertretung_Muenster-West_LeistungenfurSchulen_Investitionsmassnahmen_t4.csv
2,305,0,band2_p305_Bezirksvertretung_Muenster-West_LeistungenfurSchulen_Investitionsmassnahmen_t0.csv
2,305,1,band2_p305_Bezirksvertretung_Muenster-West_LeistungenfurSchulen_Investitionsmassnahmen_t1.csv
2,305,2,band2_p305_Bezirksvertretung_Muenster-West_LeistungenfurSchulen_Investitionsmassnahmen_t2.csv
2,305,3,band2_p305_Bezirksvertretung_Muenster-West_LeistungenfurSchulen_Investitionsmassnahmen_t3.csv
2,306,0,band2_p306_Bezirksvertretung_Muenster-West_LeistungenfurSchulen_Investitionsmassnahmen_t0.csv
2,306,1,band2_p306_Bezirksvertretung_Muenster-West_LeistungenfurSchulen_Investitionsmassnahmen_t1.csv
2,306,2,band2_p306_Bezirksvertretung_Muenster-West_LeistungenfurSchulen_Investitionsmassnahmen_t2.csv
2,306,3,band2_p306_Bezirksvertretung_Muenster-West_LeistungenfurSchulen_Investitionsmassnahmen_t3.csv
2,307,0,band2_p307_Bezirksvertretung_Muenster-West_LeistungenfurSchulen_Investitionsmassnahmen_t0.csv
2,307,1,band2_p307_Bezirksvertretung_Muenster-West_LeistungenfurSchulen_Investitionsmassnahmen_t1.csv
2,307,2,band2_p307_Bezirksvertretung_Muenster-West_LeistungenfurSchulen_Investitionsmassnahmen_t2.csv
2,307,3,band2_p307_Bezirksvertretung_Muenster-West_LeistungenfurSchulen_Investitionsmassnahmen_t3.csv
2,308,0,band2_p308_Bezirksvertretung_Muenster-West_LeistungenfurSchulen_Investitionsmassnahmen_t0.csv
2,308,1,band2_p308_Bezirksvertretung_Muenster-West_LeistungenfurSchulen_Investitionsmassnahmen_t1.csv
2,308,2,band2_p308_Bezirksvertretung_Muenster-West_LeistungenfurSchulen_Investitionsmassnahmen_t2.csv
2,308,3,band2_p308_Bezirksvertretung_Muenster-West_LeistungenfurSchulen_Investitionsmassnahmen_t3.csv
2,308,4,band2_p308_Bezirksvertretung_Muenster-West_LeistungenfurSchulen_Investitionsmassnahmen_t4.csv
2,309,0,band2_p309_Bezirksvertretung_Muenster-West_SicherungdesLebensunterhalts_Investitionsmassnahmen_t0.csv
2,309,1,band2_p309_Bezirksvertretung_Muenster-West_SicherungdesLebensunterhalts_Investitionsmassnahmen_t1.csv
2,310,0,band2_p310_Bezirksvertretung_Muenster-West_ForderungvonKinderninTagesbetreuung_Investitionsmassnahmen_t0.csv
2,310,1,band2_p310_Bezirksvertretung_Muenster-West_ForderungvonKinderninTagesbetreuung_Investitionsmassnahmen_t1.csv
2,310,2,band2_p310_Bezirksvertretung_Muenster-West_ForderungvonKinderninTagesbetreuung_Investitionsmassnahmen_t2.csv
2,310,3,band2_p310_Bezirksvertretung_Muenster-West_ForderungvonKinderninTagesbetreuung_Investitionsmassnahmen_t3.csv
2,311,0,band2_p311_Bezirksvertretung_Muenster-West_ForderungvonKinderninTagesbetreuung_Investitionsmassnahmen_t0.csv
2,311,1,band2_p311_Bezirksvertretung_Muenster-West_ForderungvonKinderninTagesbetreuung_Investitionsmassnahmen_t1.csv
2,311,2,band2_p311_Bezirksvertretung_Muenster-West_ForderungvonKinderninTagesbetreuung_Investitionsmassnahmen_t2.csv
2,311,3,band2_p311_Bezirksvertretung_Muenster-West_ForderungvonKinderninTagesbetreuung_Investitionsmassnahmen_t3.csv
2,311,4,band2_p311_Bezirksvertretung_Muenster-West_ForderungvonKinderninTagesbetreuung_Investitionsmassnahmen_t4.csv
2,312,0,band2_p312_Bezirksvertretung_Muenster-West_Kinder_undJugendarbeit_Investitionsmassnahmen_t0.csv
2,312,1,band2_p312_Bezirksvertretung_Muenster-West_Kinder_undJugendarbeit_Investitionsmassnahmen_t1.csv
2,313,0,band2_p313_Bezirksvertretung_Muenster-West_Sportinfrastruktur_Sportforderung_Sportveranstaltungen_Investitionsmassnahmen_t0.csv
2,313,1,band2_p313_Bezirksvertretung_Muenster-West_Sportinfrastruktur_Sportforderung_Sportveranstaltungen_Investitionsmassnahmen_t1.csv
2,313,2,band2_p313_Bezirksvertretung_Muenster-West_Sportinfrastruktur_Sportforderung_Sportveranstaltungen_Investitionsmassnahmen_t2.csv
2,313,3,band2_p313_Bezirksvertretung_Muenster-West_Sportinfrastruktur_Sportforderung_Sportveranstaltungen_Investitionsmassnahmen_t3.csv
2,314,0,band2_p314_Bezirksvertretung_Muenster-West_Sportinfrastruktur_Sportforderung_Sportveranstaltungen_Investitionsmassnahmen_t0.csv
2,314,1,band2_p314_Bezirksvertretung_Muenster-West_Sportinfrastruktur_Sportforderung_Sportveranstaltungen_Investitionsmassnahmen_t1.csv
2,314,2,band2_p314_Bezirksvertretung_Muenster-West_Sportinfrastruktur_Sportforderung_Sportveranstaltungen_Investitionsmassnahmen_t2.csv
2,314,3,band2_p314_Bezirksvertretung_Muenster-West_Sportinfrastruktur_Sportforderung_Sportveranstaltungen_Investitionsmassnahmen_t3.csv
2,314,4,band2_p314_Bezirksvertretung_Muenster-West_Sportinfrastruktur_Sportforderung_Sportveranstaltungen_Investitionsmassnahmen_t4.csv
2,314,5,band2_p314_Bezirksvertretung_Muenster-West_Sportinfrastruktur_Sportforderung_Sportveranstaltungen_Investitionsmassnahmen_t5.csv
2,315,0,band2_p315_Bezirksvertretung_Muenster-West_Bader_Investitionsmassnahmen_t0.csv
2,315,1,band2_p315_Bezirksvertretung_Muenster-West_Bader_Investitionsmassnahmen_t1.csv
2,315,2,band2_p315_Bezirksvertretung_Muenster-West_Bader_Investitionsmassnahmen_t2.csv
2,315,3,band2_p315_Bezirksvertretung_Muenster-West_Bader_Investitionsmassnahmen_t3.csv
2,316,0,band2_p316_Bezirksvertretung_Muenster-West_Stadt_undRegionalentwicklung_Stadtplanung_Investitionsmassnahmen_t0.csv
2,316,1,band2_p316_Bezirksvertretung_Muenster-West_Stadt_undRegionalentwicklung_Stadtplanung_Investitionsmassnahmen_t1.csv
2,316,2,band2_p316_Bezirksvertretung_Muenster-West_Stadt_undRegionalentwicklung_Stadtplanung_Investitionsmassnahmen_t2.csv
2,316,3,band2_p316_Bezirksvertretung_Muenster-West_Stadt_undRegionalentwicklung_Stadtplanung_Investitionsmassnahmen_t3.csv
2,317,0,band2_p317_Bezirksvertretung_Muenster-West_Abwasserbeseitigung_Investitionsmassnahmen_t0.csv
2,317,1,band2_p317_Bezirksvertretung_Muenster-West_Abwasserbeseitigung_Investitionsmassnahmen_t1.csv
2,317,2,band2_p317_Bezirksvertretung_Muenster-West_Abwasserbeseitigung_Investitionsmassnahmen_t2.csv
2,317,3,band2_p317_Bezirksvertretung_Muenster-West_Abwasserbeseitigung_Investitionsmassnahmen_t3.csv
2,317,4,band2_p317_Bezirksvertretung_Muenster-West_Abwasserbeseitigung_Investitionsmassnahmen_t4.csv
2,318,0,band2_p318_Bezirksvertretung_Muenster-West_Abwasserbeseitigung_Investitionsmassnahmen_t0.csv
2,318,1,band2_p318_Bezirksvertretung_Muenster-West_Abwasserbeseitigung_Investitionsmassnahmen_t1.csv
2,318,2,band2_p318_Bezirksvertretung_Muenster-West_Abwasserbeseitigung_Investitionsmassnahmen_t2.csv
2,318,3,band2_p318_Bezirksvertretung_Muenster-West_Abwasserbeseitigung_Investitionsmassnahmen_t3.csv
2,318,4,band2_p318_Bezirksvertretung_Muenster-West_Abwasserbeseitigung_Investitionsmassnahmen_t4.csv
2,319,0,band2_p319_Bezirksvertretung_Muenster-West_Abwasserbeseitigung_Investitionsmassnahmen_t0.csv
2,319,1,band2_p319_Bezirksvertretung_Muenster-West_Abwasserbeseitigung_Investitionsmassnahmen_t1.csv
2,319,2,band2_p319_Bezirksvertretung_Muenster-West_Abwasserbeseitigung_Investitionsmassnahmen_t2.csv
2,319,3,band2_p319_Bezirksvertretung_Muenster-West_Abwasserbeseitigung_Investitionsmassnahmen_t3.csv
2,319,4,band2_p319_Bezirksvertretung_Muenster-West_Abwasserbeseitigung_Investitionsmassnahmen_t4.csv
2,319,5,band2_p319_Bezirksvertretung_Muenster-West_Abwasserbeseitigung_Investitionsmassnahmen_t5.csv
2,320,0,band2_p320_Bezirksvertretung_Muenster-West_BereitstellungvonVerkehrsflachenund_anlagen_Investitionsmassnahmen_t0.csv
2,320,1,band2_p320_Bezirksvertretung_Muenster-West_BereitstellungvonVerkehrsflachenund_anlagen_Investitionsmassnahmen_t1.csv
2,320,2,band2_p320_Bezirksvertretung_Muenster-West_BereitstellungvonVerkehrsflachenund_anlagen_Investitionsmassnahmen_t2.csv
2,320,3,band2_p320_Bezirksvertretung_Muenster-West_BereitstellungvonVerkehrsflachenund_anlagen_Investitionsmassnahmen_t3.csv
2,320,4,band2_p320_Bezirksvertretung_Muenster-West_BereitstellungvonVerkehrsflachenund_anlagen_Investitionsmassnahmen_t4.csv
2,321,0,band2_p321_Bezirksvertretung_Muenster-West_BereitstellungvonVerkehrsflachenund_anlagen_Investitionsmassnahmen_t0.csv
2,321,1,band2_p321_Bezirksvertretung_Muenster-West_BereitstellungvonVerkehrsflachenund_anlagen_Investitionsmassnahmen_t1.csv
2,321,2,band2_p321_Bezirksvertretung_Muenster-West_BereitstellungvonVerkehrsflachenund_anlagen_Investitionsmassnahmen_t2.csv
2,321,3,band2_p321_Bezirksvertretung_Muenster-West_BereitstellungvonVerkehrsflachenund_anlagen_Investitionsmassnahmen_t3.csv
2,321,4,band2_p321_Bezirksvertretung_Muenster-West_BereitstellungvonVerkehrsflachenund_anlagen_Investitionsmassnahmen_t4.csv
2,322,0,band2_p322_Bezirksvertretung_Muenster-West_BereitstellungvonVerkehrsflachenund_anlagen_Investitionsmassnahmen_t0.csv
2,322,1,band2_p322_Bezirksvertretung_Muenster-West_BereitstellungvonVerkehrsflachenund_anlagen_Investitionsmassnahmen_t1.csv
2,322,2,band2_p322_Bezirksvertretung_Muenster-West_BereitstellungvonVerkehrsflachenund_anlagen_Investitionsmassnahmen_t2.csv
2,322,3,band2_p322_Bezirksvertretung_Muenster-West_BereitstellungvonVerkehrsflachenund_anlagen_Investitionsmassnahmen_t3.csv
2,322,4,band2_p322_Bezirksvertretung_Muenster-West_BereitstellungvonVerkehrsflachenund_anlagen_Investitionsmassnahmen_t4.csv
2,323,0,band2_p323_Bezirksvertretung_Muenster-West_BereitstellungvonVerkehrsflachenund_anlagen_Investitionsmassnahmen_t0.csv
2,323,1,band2_p323_Bezirksvertretung_Muenster-West_BereitstellungvonVerkehrsflachenund_anlagen_Investitionsmassnahmen_t1.csv
2,323,2,band2_p323_Bezirksvertretung_Muenster-West_BereitstellungvonVerkehrsflachenund_anlagen_Investitionsmassnahmen_t2.csv
2,324,0,band2_p324_Bezirksvertretung_Muenster-West_Grun_undFreiflachen_Investitionsmassnahmen_t0.csv
2,324,1,band2_p324_Bezirksvertretung_Muenster-West_Grun_undFreiflachen_Investitionsmassnahmen_t1.csv
2,324,2,band2_p324_Bezirksvertretung_Muenster-West_Grun_undFreiflachen_Investitionsmassnahmen_t2.csv
2,324,3,band2_p324_Bezirksvertretung_Muenster-West_Grun_undFreiflachen_Investitionsmassnahmen_t3.csv
2,324,4,band2_p324_Bezirksvertretung_Muenster-West_Grun_undFreiflachen_Investitionsmassnahmen_t4.csv
2,325,0,band2_p325_Bezirksvertretung_Muenster-West_Grun_undFreiflachen_Investitionsmassnahmen_t0.csv
2,325,1,band2_p325_Bezirksvertretung_Muenster-West_Grun_undFreiflachen_Investitionsmassnahmen_t1.csv
2,325,2,band2_p325_Bezirksvertretung_Muenster-West_Grun_undFreiflachen_Investitionsmassnahmen_t2.csv
2,325,3,band2_p325_Bezirksvertretung_Muenster-West_Grun_undFreiflachen_Investitionsmassnahmen_t3.csv
2,325,4,band2_p325_Bezirksvertretung_Muenster-West_Grun_undFreiflachen_Investitionsmassnahmen_t4.csv
2,326,0,band2_p326_Bezirksvertretung_Muenster-West_Grun_undFreiflachen_Investitionsmassnahmen_t0.csv
2,326,1,band2_p326_Bezirksvertretung_Muenster-West_Grun_undFreiflachen_Investitionsmassnahmen_t1.csv
2,326,2,band2_p326_Bezirksvertretung_Muenster-West_Grun_undFreiflachen_Investitionsmassnahmen_t2.csv
2,327,0,band2_p327_Bezirksvertretung_Muenster-West_Friedhofe_Investitionsmassnahmen_t0.csv
2,327,1,band2_p327_Bezirksvertretung_Muenster-West_Friedhofe_Investitionsmassnahmen_t1.csv
2,327,2,band2_p327_Bezirksvertretung_Muenster-West_Friedhofe_Investitionsmassnahmen_t2.csv
2,328,0,band2_p328_Bezirksvertretung_Muenster-West_Natur_Landschaft_Erholung_Wasserschutz_Investitionsmassnahmen_t0.csv
2,328,1,band2_p328_Bezirksvertretung_Muenster-West_Natur_Landschaft_Erholung_Wasserschutz_Investitionsmassnahmen_t1.csv
2,328,2,band2_p328_Bezirksvertretung_Muenster-West_Natur_Landschaft_Erholung_Wasserschutz_Investitionsmassnahmen_t2.csv
2,331,0,band2_p331_Uebersicht_Zuwendungen_Fraktionen_Tabelle_t0.csv
2,332,0,band2_p332_Uebersicht_Zuwendungen_Fraktionen_Tabelle_t0.csv
2,333,0,band2_p333_Uebersicht_Zuwendungen_Fraktionen_Tabelle_t0.csv
2,334,0,band2_p334_Uebersicht_Zuwendungen_Fraktionen_Tabelle_t0.csv
2,335,0,band2_p335_Uebersicht_Zuwendungen_Fraktionen_Tabelle_t0.csv
2,336,0,band2_p336_Uebersicht_Zuwendungen_Fraktionen_Tabelle_t0.csv
2,337,0,band2_p337_Uebersicht_Zuwendungen_Fraktionen_Tabelle_t0.csv
2,338,0,band2_p338_Uebersicht_Zuwendungen_Fraktionen_Tabelle_t0.csv
2,339,0,band2_p339_Uebersicht_Zuwendungen_Fraktionen_Tabelle_t0.csv
2,340,0,band2_p340_Uebersicht_Zuwendungen_Fraktionen_Tabelle_t0.csv
2,341,0,band2_p341_Uebersicht_Zuwendungen_Fraktionen_Tabelle_t0.csv
2,342,0,band2_p342_Uebersicht_Zuwendungen_Fraktionen_Tabelle_t0.csv
2,343,0,band2_p343_Uebersicht_Zuwendungen_Fraktionen_Tabelle_t0.csv
2,344,0,band2_p344_Uebersicht_Zuwendungen_Fraktionen_Tabelle_t0.csv
2,349,0,band2_p349_Zuschussbericht_Zuwendungen_an_Dritte_Tabelle_t0.csv
2,351,0,band2_p351_Zuschussbericht_Zuwendungen_an_Dritte_Tabelle_t0.csv
2,352,0,band2_p352_Zuschussbericht_Zuwendungen_an_Dritte_Tabelle_t0.csv
2,353,0,band2_p353_Zuschussbericht_Zuwendungen_an_Dritte_Tabelle_t0.csv
2,354,0,band2_p354_Zuschussbericht_Zuwendungen_an_Dritte_Tabelle_t0.csv
2,355,0,band2_p355_Zuschussbericht_Zuwendungen_an_Dritte_Tabelle_t0.csv
2,356,0,band2_p356_Zuschussbericht_Zuwendungen_an_Dritte_Tabelle_t0.csv
2,357,0,band2_p357_Zuschussbericht_Zuwendungen_an_Dritte_Tabelle_t0.csv
2,358,0,band2_p358_Zuschussbericht_Zuwendungen_an_Dritte_Tabelle_t0.csv
2,359,0,band2_p359_Zuschussbericht_Zuwendungen_an_Dritte_Tabelle_t0.csv
2,360,0,band2_p360_Zuschussbericht_Zuwendungen_an_Dritte_Tabelle_t0.csv
2,361,0,band2_p361_Zuschussbericht_Zuwendungen_an_Dritte_Tabelle_t0.csv
2,362,0,band2_p362_Zuschussbericht_Zuwendungen_an_Dritte_Tabelle_t0.csv
2,363,0,band2_p363_Zuschussbericht_Zuwendungen_an_Dritte_Tabelle_t0.csv
2,364,0,band2_p364_Zuschussbericht_Zuwendungen_an_Dritte_Tabelle_t0.csv
2,365,0,band2_p365_Zuschussbericht_Zuwendungen_an_Dritte_Tabelle_t0.csv
